EventID,Edep_MeV,#PE,#NoisePE,SignalPE,fine_bin,merged_bin
365628,0.0,0,0,0,0,0
195516,5.905067355231666e-05,1,1,0,0,0
239070,0.00010153316886433063,2,1,1,0,0
277846,0.00014769546496398294,1,0,1,0,0
198141,0.0001647847212187902,1,0,1,0,0
110196,0.0003119977674297668,0,0,0,0,0
385127,0.00033398803006776145,3,2,1,0,0
196654,0.00034279538614416744,0,0,0,0,0
317511,0.00036679988838437974,3,2,1,0,0
187382,0.0004061373123561824,2,1,1,0,0
181275,0.0004093666863929129,3,2,1,0,0
126431,0.00041027778093513293,3,2,1,0,0
294289,0.00043511035386963455,2,2,0,0,0
234317,0.00046091454193654337,0,0,0,0,0
198056,0.00050688907679022,4,3,1,0,0
160527,0.000513261183390169,0,0,0,0,0
247284,0.000518246062317056,2,2,0,0,0
178205,0.0005200682734432002,3,2,1,0,0
136937,0.0005215325715067676,3,3,0,0,0
252870,0.0005225451550142312,0,0,0,0,0
211974,0.0005262639688203985,1,0,1,0,0
157836,0.0005274501935703724,4,2,2,0,0
136230,0.0005458722143386662,0,0,0,0,0
264377,0.0005882063421985463,1,1,0,0,0
308428,0.0006161557582378922,2,1,1,0,0
235558,0.0006442112472205222,2,2,0,0,0
250346,0.0006481445606277119,1,0,1,0,0
177111,0.0006499342894170515,4,3,1,0,0
392561,0.0006542280528603989,1,1,0,0,0
109244,0.0006569314715919989,3,2,1,0,0
130148,0.0006582708206641431,0,0,0,0,0
282591,0.0006733445437515546,2,1,1,0,0
104646,0.0006831111967404917,3,2,1,0,0
118164,0.0006884292123803449,2,1,1,0,0
217222,0.0007084037265188962,3,2,1,0,0
208058,0.0007154229434589751,1,1,0,0,0
207427,0.0007302262349021503,1,0,1,0,0
227806,0.0007340567361779891,1,0,1,0,0
124603,0.0007409170638975366,2,1,1,0,0
179457,0.0007430672721575447,0,0,0,0,0
202234,0.0007441452598926566,1,1,0,0,0
191316,0.0007498431467022386,4,3,1,0,0
184714,0.0007618586279502103,1,0,1,0,0
246038,0.0007738168518865667,5,4,1,0,0
225371,0.0007813547565358889,4,3,1,0,0
324762,0.0007861080835108308,2,2,0,0,0
334629,0.0007863344229162668,3,1,2,0,0
357814,0.0007904010960836199,3,3,0,0,0
371322,0.0008037345726285444,3,3,0,0,0
116209,0.0008116577164631231,2,1,1,0,0
105096,0.0008378469954532819,0,0,0,0,0
116344,0.0008669710816022963,2,2,0,0,0
156011,0.0008763947374781515,2,0,2,0,0
204595,0.0008770979978694766,2,1,1,0,0
302847,0.000878134123552407,1,0,1,0,0
118490,0.0008971296168356675,2,1,1,0,0
244208,0.0009027923672437823,1,1,0,0,0
274655,0.0009161846248511485,4,3,1,0,0
180309,0.0009201832522497152,0,0,0,0,0
73884,0.0009203488732677474,2,1,1,0,0
163231,0.0009400436269184924,0,0,0,0,0
264487,0.0009503342837756284,4,3,1,0,0
359173,0.0009565122524931396,0,0,0,0,0
182081,0.0009605452054263237,1,0,1,0,0
281736,0.0009720600319078486,2,1,1,0,0
216418,0.0009724044849164137,2,1,1,0,0
327725,0.000995211748296183,2,1,1,0,0
148249,0.0010017011459382923,2,1,1,1,0
354668,0.0010074991696455051,2,1,1,1,0
285420,0.0010555239949174703,3,2,1,1,0
288610,0.0010628697394535554,1,0,1,1,0
204092,0.0010712712845202625,3,2,1,1,0
234350,0.0010748534694234747,1,0,1,1,0
81706,0.0010758159772282666,2,1,1,1,0
286088,0.001117140722412636,1,1,0,1,0
153038,0.0011326761358863978,3,2,1,1,0
103712,0.001136164843345249,2,1,1,1,0
263477,0.0011441516270953396,0,0,0,1,0
330494,0.0011495000384449912,1,1,0,1,0
353981,0.0011496732978419752,1,0,1,1,0
230604,0.0011816752675472817,4,2,2,1,0
246171,0.0011980426086762308,1,0,1,1,0
208446,0.0012060920813722533,2,2,0,1,0
325726,0.0012067162386264299,10,8,2,1,0
154635,0.0012230138303593418,1,0,1,1,0
116921,0.001229306300131383,0,0,0,1,0
225712,0.0012604581194653683,0,0,0,1,0
146436,0.001263350352987322,2,0,2,1,0
274230,0.00126422282244633,3,2,1,1,0
243834,0.001267235353713026,3,1,2,1,0
238348,0.0012823952442111326,2,2,0,1,0
345061,0.0012880912481767768,1,0,1,1,0
168365,0.001291605220918012,2,1,1,1,0
279320,0.001294095806391035,1,0,1,1,0
230623,0.0013011671902296241,0,0,0,1,0
182419,0.001313769981857862,1,1,0,1,0
291810,0.0013152607911771088,2,1,1,1,0
258042,0.0013264729315502206,2,1,1,1,0
255356,0.0013304002830803934,3,1,2,1,0
318520,0.0013491045411367,6,6,0,1,0
201637,0.0013616936070510808,4,2,2,1,0
148379,0.0013721726786507754,1,0,1,1,0
224341,0.0013771336476840355,1,0,1,1,0
236340,0.0013778677684921474,3,2,1,1,0
182295,0.00138412874230516,3,2,1,1,0
116301,0.0014037934688756041,2,0,2,1,0
135561,0.001407547797036141,2,1,1,1,0
394407,0.0014386533245929014,1,1,0,1,0
141540,0.0014395202104612616,3,1,2,1,0
362495,0.0014428800492724755,3,1,2,1,0
163689,0.001453575236095329,5,2,3,1,0
256174,0.001468317218597639,4,4,0,1,0
391515,0.0014839590861318425,2,1,1,1,0
258597,0.0014907980376765869,0,0,0,1,0
145210,0.0014996449450865924,0,0,0,1,0
193758,0.0015066975190263553,1,0,1,1,0
313915,0.001508941436030111,1,0,1,1,0
275452,0.0015157862510775568,1,1,0,1,0
286601,0.0015192276296751804,3,1,2,1,0
381401,0.0015215346001340175,6,4,2,1,0
229695,0.001524089895571808,1,0,1,1,0
108249,0.0015242801196712074,1,1,0,1,0
301640,0.001533447824214934,0,0,0,1,0
203140,0.0015408051138003048,2,0,2,1,0
145057,0.0015458329605354988,2,1,1,1,0
155200,0.0015505721163098975,3,2,1,1,0
295900,0.001557131062578044,1,1,0,1,0
340681,0.0015608792821206635,0,0,0,1,0
318197,0.0015626179128613062,2,1,1,1,0
109972,0.0015736821946825826,1,0,1,1,0
173155,0.0015791383039987655,1,0,1,1,0
181856,0.001580045092775421,4,2,2,1,0
164168,0.0015976660750145145,0,0,0,1,0
274164,0.0016036034306370973,2,1,1,1,0
196816,0.0016071269333122005,4,3,1,1,0
357315,0.001608475844693112,1,0,1,1,0
265663,0.0016096743815074293,4,3,1,1,0
125647,0.0016100740959438444,0,0,0,1,0
142899,0.0016122173806132583,9,6,3,1,0
185552,0.0016202746029831375,2,0,2,1,0
368756,0.0016209211838327045,1,1,0,1,0
386473,0.0016334001286891818,2,1,1,1,0
208620,0.0016486620880246281,5,4,1,1,0
67863,0.0016614820110779,2,0,2,1,0
361967,0.0016652957232099223,2,1,1,1,0
234654,0.0016786428036427864,2,1,1,1,0
127537,0.0016798876717814188,4,2,2,1,0
159722,0.0016889998886942558,3,2,1,1,0
131635,0.0016900775203211556,0,0,0,1,0
116525,0.0016957389634575486,2,1,1,1,0
196319,0.001701038776571621,3,2,1,1,0
117408,0.0017055996858257204,2,1,1,1,0
334414,0.0017233870642046549,3,1,2,1,0
390654,0.0017264895452595774,2,0,2,1,0
195877,0.001733212998933631,8,8,0,1,0
398495,0.001748103915926596,2,0,2,1,0
387167,0.001753621902824426,5,4,1,1,0
310319,0.001756388011896105,3,1,2,1,0
358716,0.0017618161502634803,2,2,0,1,0
205150,0.0017664520280307083,3,1,2,1,0
161564,0.0017701197549462556,1,1,0,1,0
126292,0.0017762040655717175,4,1,3,1,0
248742,0.00178835910761306,3,1,2,1,0
287661,0.0017925548250904274,7,6,1,1,0
205112,0.0017961309621566553,1,0,1,1,0
140681,0.0018011921566741809,2,1,1,1,0
110179,0.001801751164444098,4,2,2,1,0
300545,0.0018108564952423424,5,4,1,1,0
267159,0.0018209971790160281,1,0,1,1,0
186384,0.0018215487117426037,3,1,2,1,0
265383,0.0018271101773448374,3,1,2,1,0
158346,0.0018342105930383714,2,1,1,1,0
347145,0.001837047767190177,6,4,2,1,0
207286,0.0018624865254552921,6,3,3,1,0
262448,0.001864261162182942,2,1,1,1,0
123870,0.0018763075992629932,0,0,0,1,0
186573,0.0018831882860709027,1,1,0,1,0
106664,0.001887105650545752,3,1,2,1,0
123596,0.001888643402024065,5,4,1,1,0
184362,0.0018994311088108126,3,1,2,1,0
206103,0.0019020437820208415,4,3,1,1,0
360738,0.0019110505153120715,2,1,1,1,0
372007,0.0019191250416811464,4,1,3,1,0
215618,0.0019217304758452427,1,0,1,1,0
247599,0.0019260096321495447,3,2,1,1,0
147909,0.0019290689937179566,4,3,1,1,0
134015,0.0019321361776797295,2,0,2,1,0
339317,0.001944730268005046,5,4,1,1,0
109393,0.001948088090985699,1,1,0,1,0
220851,0.0019502641028280598,4,1,3,1,0
365981,0.0019583017167130825,2,1,1,1,0
185003,0.0019586699560531703,1,0,1,1,0
164051,0.001960114148181692,3,2,1,1,0
396724,0.001991910857210817,3,1,2,1,0
130659,0.0019968041335671175,3,1,2,1,0
357192,0.0019969286292697893,3,2,1,1,0
290008,0.0020084300756250603,2,1,1,2,0
273495,0.0020182779916563505,4,3,1,2,0
268213,0.0020213266270720986,2,1,1,2,0
262331,0.002032230621594808,0,0,0,2,0
211812,0.0020414287211878187,3,2,1,2,0
195214,0.0020478119879761454,4,3,1,2,0
343907,0.0020506002288765693,1,1,0,2,0
117794,0.0020550806472733477,1,0,1,2,0
131919,0.0020574784573108395,2,0,2,2,0
354182,0.0020861670914504903,6,6,0,2,0
100520,0.00210108769253181,2,0,2,2,0
287300,0.0021034535039174147,2,1,1,2,0
292569,0.0021043987667364525,6,3,3,2,0
250027,0.002108245576063461,2,0,2,2,0
268884,0.002112077265086905,1,0,1,2,0
202289,0.002131121574011276,7,2,5,2,0
124480,0.002132088806732593,1,0,1,2,0
324711,0.0021402396581626623,2,1,1,2,0
293799,0.002143355168661522,5,1,4,2,0
394590,0.0021437129780141747,1,0,1,2,0
307234,0.002147383234645766,6,4,2,2,0
217718,0.002149529737613004,6,4,2,2,0
159377,0.0021621572362681583,1,0,1,2,0
286956,0.0021678774774575,9,5,4,2,0
339713,0.0021701033669048824,2,0,2,2,0
182993,0.0021724481648912604,1,0,1,2,0
126968,0.0021732836319103056,3,2,1,2,0
110681,0.00218956792802179,2,1,1,2,0
365414,0.0021901684521816577,2,0,2,2,0
241828,0.0021964800093411153,2,0,2,2,0
281792,0.002200097825270337,0,0,0,2,0
136805,0.0022033933718020363,4,2,2,2,0
164343,0.0022037407134405545,7,6,1,2,0
356918,0.002209641097635116,1,0,1,2,0
118928,0.0022097509972871404,1,1,0,2,0
370199,0.0022181020805137784,5,4,1,2,0
176210,0.002220885777791536,0,0,0,2,0
305430,0.002220995973508067,5,4,1,2,0
195632,0.0022234354602677295,1,0,1,2,0
173892,0.00222740065730125,0,0,0,2,0
229666,0.0022372445779120535,1,1,0,2,0
267247,0.0022379457401860946,1,0,1,2,0
161737,0.002238657855474051,2,2,0,2,0
121906,0.0022449638883487977,2,2,0,2,0
312055,0.0022460471806711626,4,2,2,2,0
248053,0.0022566751545566046,6,2,4,2,0
358739,0.002267751163090137,3,2,1,2,0
248961,0.002268772241358337,1,1,0,2,0
136096,0.0022707964107060393,2,1,1,2,0
122846,0.0022713733857319764,1,1,0,2,0
293417,0.0022763161188684945,4,2,2,2,0
342900,0.0022777132487621643,3,1,2,2,0
115476,0.0022810221875661065,2,1,1,2,0
304086,0.0022817504025450354,6,7,-1,2,0
341229,0.0022875060001349757,2,1,1,2,0
253777,0.002295223316182298,1,1,0,2,0
123726,0.0022959827683240036,4,3,1,2,0
116544,0.0023055416166140735,5,3,2,2,0
238595,0.0023317241561759037,4,2,2,2,0
98828,0.0023346032689754424,1,0,1,2,0
317042,0.0023380242690658735,4,1,3,2,0
202429,0.0023430363390361643,2,0,2,2,0
163704,0.0023441375515728022,3,1,2,2,0
128417,0.0023546470981435836,3,1,2,2,0
294616,0.0023586955502940612,2,1,1,2,0
184970,0.0023613772283650066,3,1,2,2,0
218340,0.0023628458765165964,5,2,3,2,0
200972,0.002369753309746746,2,1,1,2,0
114728,0.0023703186379633394,2,2,0,2,0
211402,0.0023761590211870097,4,3,1,2,0
375012,0.0023795257231783275,8,7,1,2,0
281078,0.0023823545186576586,2,1,1,2,0
167738,0.0023843679542392892,1,0,1,2,0
271278,0.0024007474000000465,1,1,0,2,0
335198,0.0024076510773325677,4,3,1,2,0
100785,0.0024091545846052784,4,2,2,2,0
133572,0.0024136914319987136,3,1,2,2,0
164336,0.0024150916312377013,1,0,1,2,0
277474,0.0024152134629995053,3,2,1,2,0
162864,0.0024251032795928307,3,1,2,2,0
103895,0.00242730231427159,3,2,1,2,0
330226,0.0024336886497425348,3,1,2,2,0
106518,0.002434699242118512,4,2,2,2,0
86152,0.002435047544365097,1,0,1,2,0
259611,0.002438325214532837,4,3,1,2,0
108392,0.002441484983799493,2,0,2,2,0
189756,0.0024446968557426466,1,1,0,2,0
378697,0.002445800275128038,1,0,1,2,0
364125,0.0024458183635892345,2,2,0,2,0
68462,0.0024485331532276087,2,0,2,2,0
109815,0.0024626936815341106,4,3,1,2,0
215852,0.0024874720259047784,0,0,0,2,0
369895,0.0024914568106808722,8,5,3,2,0
150258,0.0024942544068354672,2,1,1,2,0
178020,0.002497903147146225,2,2,0,2,0
371866,0.0025008413842212305,0,0,0,2,0
355178,0.0025054615757775173,6,4,2,2,0
229052,0.002517135825698395,3,2,1,2,0
131755,0.002522726891437666,3,2,1,2,0
381079,0.0025385139943080964,1,0,1,2,0
226246,0.002541504685484001,5,1,4,2,0
226306,0.0025486893038695877,1,1,0,2,0
278185,0.0025535705176663853,2,1,1,2,0
219962,0.0025541029743117744,1,1,0,2,0
324397,0.0025571100539174187,5,4,1,2,0
376522,0.002558244007010682,5,4,1,2,0
186742,0.0025659386664792006,3,3,0,2,0
190894,0.0025662615529569222,3,1,2,2,0
262657,0.00256932440664604,0,0,0,2,0
101469,0.002569864925707347,2,1,1,2,0
193179,0.0025883668580960325,2,1,1,2,0
350552,0.002597227711631524,4,3,1,2,0
148859,0.0026017230496531846,3,1,2,2,0
263928,0.002603942605020127,2,1,1,2,0
253442,0.002610547974031392,4,3,1,2,0
176043,0.0026124472986006264,3,0,3,2,0
355303,0.0026241608587462767,12,9,3,2,0
189717,0.002636606664130861,1,1,0,2,0
293526,0.0026400442771979545,0,0,0,2,0
250800,0.002649014099035282,1,1,0,2,0
152978,0.002656408206692145,2,1,1,2,0
113204,0.002665810042684166,8,6,2,2,0
179087,0.0026723106727114536,5,4,1,2,0
128766,0.002678046546165221,1,0,1,2,0
135045,0.0026858781357977242,4,3,1,2,0
133715,0.002687087412612541,4,2,2,2,0
240417,0.0027053459438178148,0,0,0,2,0
175253,0.0027108744306374257,5,3,2,2,0
181961,0.0027120978973736555,3,3,0,2,0
315702,0.002713399768986014,0,0,0,2,0
185736,0.0027276693626958662,0,0,0,2,0
241339,0.00273004227564437,5,1,4,2,0
102429,0.0027366843278738263,3,2,1,2,0
110295,0.002754557513428619,5,1,4,2,0
221538,0.002767081313142974,2,0,2,2,0
218428,0.0027728936904144294,1,1,0,2,0
281275,0.0027795079513384365,5,5,0,2,0
332194,0.0027821837788768464,4,3,1,2,0
382138,0.0027852359554769285,3,2,1,2,0
120951,0.0027856642331552835,6,5,1,2,0
168787,0.0027971624564863268,3,2,1,2,0
391084,0.0028045591396759053,3,2,1,2,0
307027,0.002818082202068843,8,7,1,2,0
215645,0.002827697765852734,1,0,1,2,0
172088,0.002833328234204317,2,0,2,2,0
379961,0.0028346876555098593,2,0,2,2,0
143851,0.002845154119873381,1,0,1,2,0
302569,0.0028461465765642685,0,0,0,2,0
271015,0.0028507012731475217,3,2,1,2,0
184504,0.00285438379091016,5,4,1,2,0
293329,0.0028730324761469497,4,1,3,2,0
355531,0.002875678031167425,4,3,1,2,0
367642,0.0028867383987765754,3,2,1,2,0
239225,0.0028941175143655743,1,0,1,2,0
249512,0.002896505497811376,2,1,1,2,0
219445,0.0028970869640397535,5,3,2,2,0
249894,0.00290743146724857,7,3,4,2,0
186755,0.0029115358520999915,1,0,1,2,0
290182,0.0029116579320123863,0,0,0,2,0
375917,0.0029117065087184125,2,1,1,2,0
308963,0.0029137881375971794,2,0,2,2,0
119627,0.002916021474190352,5,4,1,2,0
387036,0.0029257273897713406,4,2,2,2,0
339306,0.002932100979555536,4,2,2,2,0
378723,0.0029466385237277262,1,1,0,2,0
287830,0.0029480039513712607,2,1,1,2,0
67126,0.0029646509895617733,1,0,1,2,0
145889,0.0029670545496377826,1,0,1,2,0
124664,0.0029671591485073675,2,0,2,2,0
196351,0.0029714660366249993,2,2,0,2,0
132040,0.0029777632804906464,2,1,1,2,0
373123,0.00298555151265281,2,2,0,2,0
236437,0.0029894410415205364,1,1,0,2,0
228942,0.0029941918245181076,2,1,1,2,0
238369,0.0029974231078836316,3,0,3,2,0
274726,0.0030228236024013935,5,3,2,3,0
240771,0.003023654854501932,1,1,0,3,0
332886,0.0030239950226564074,2,0,2,3,0
213261,0.0030272754964160583,4,2,2,3,0
283783,0.0030305212330629726,3,2,1,3,0
195352,0.00303146004079138,2,1,1,3,0
311118,0.003039195788122937,7,4,3,3,0
297411,0.003041311368141895,2,0,2,3,0
236248,0.0030523880137818737,5,0,5,3,0
200728,0.0030546345512355807,1,1,0,3,0
344842,0.0030552223033888507,6,4,2,3,0
230789,0.0030671476308742366,2,2,0,3,0
384269,0.0030689152307106196,4,2,2,3,0
145507,0.003077935256554359,6,3,3,3,0
123773,0.0030858255731556427,4,2,2,3,0
394695,0.0030895304349254603,6,4,2,3,0
253392,0.0030918806218936017,1,0,1,3,0
268919,0.0030922270352247995,1,1,0,3,0
153108,0.0030923219996363232,5,4,1,3,0
388109,0.003092384759100922,5,1,4,3,0
137645,0.00309378569567349,3,2,1,3,0
114081,0.0030951930397862103,4,1,3,3,0
372606,0.003097258656859945,1,0,1,3,0
232276,0.0031045078124772203,4,0,4,3,0
150513,0.0031229391324556093,2,2,0,3,0
160888,0.003124479624480122,4,1,3,3,0
321607,0.0031299679901049767,2,2,0,3,0
213317,0.003130286602334657,3,1,2,3,0
210463,0.0031325151088832585,5,4,1,3,0
262528,0.0031360098824757313,4,3,1,3,0
122677,0.0031377874139760227,3,1,2,3,0
170168,0.0031396313914969316,4,1,3,3,0
183931,0.0031402822777273193,1,0,1,3,0
269001,0.0031412644815650035,2,2,0,3,0
178240,0.0031420342315305726,3,0,3,3,0
103682,0.003145050390363942,3,1,2,3,0
163716,0.003146671860058746,0,0,0,3,0
364229,0.003148319128347217,1,0,1,3,0
122043,0.003153909122451372,6,2,4,3,0
297151,0.003167864815825716,2,1,1,3,0
195086,0.003169103107462003,4,2,2,3,0
274426,0.003172170505106627,5,2,3,3,0
144595,0.0031763837697213527,4,3,1,3,0
145688,0.0031768584645983228,2,1,1,3,0
245757,0.003180531897120575,8,3,5,3,0
263174,0.0031806195270761973,1,0,1,3,0
304961,0.0031888519517615584,6,3,3,3,0
208861,0.0031928237251863316,3,0,3,3,0
128065,0.0031969998655406603,3,2,1,3,0
211027,0.0031990752383284815,3,1,2,3,0
154150,0.0032046464621471914,4,1,3,3,0
382030,0.003209545970055895,0,0,0,3,0
102987,0.003221295528761994,0,0,0,3,0
354696,0.003222393670513762,2,1,1,3,0
242887,0.003225017870015899,1,0,1,3,0
208414,0.0032250434186419877,5,3,2,3,0
116139,0.0032262199909977485,9,6,3,3,0
171201,0.003239582621468885,8,6,2,3,0
345196,0.003240875537038241,2,1,1,3,0
181772,0.0032446305216923886,2,1,1,3,0
152213,0.00326297456583459,7,6,1,3,0
155084,0.0032693515777677093,2,2,0,3,0
310077,0.003275373261190671,11,7,4,3,0
141790,0.0032807516578387307,1,0,1,3,0
133315,0.0032850992750604285,1,0,1,3,0
384343,0.0032866092683765703,1,0,1,3,0
268064,0.0033031721330059644,2,0,2,3,0
126175,0.0033063237840560153,5,5,0,3,0
216922,0.003307780789411612,4,2,2,3,0
292539,0.0033081617210664496,4,1,3,3,0
380156,0.0033090572887873077,2,1,1,3,0
102229,0.0033277496355655777,0,0,0,3,0
133816,0.003336395359050447,11,9,2,3,0
294372,0.0033458812932188743,0,0,0,3,0
349717,0.0033470058540615417,1,0,1,3,0
276579,0.0033526580623591856,6,1,5,3,0
121726,0.0033533888829420403,3,2,1,3,0
270986,0.0033608993039341223,1,0,1,3,0
343693,0.0033620965960532156,1,0,1,3,0
101248,0.003365565316235649,6,3,3,3,0
334447,0.003373465968741788,2,2,0,3,0
172276,0.0033837227183798873,3,1,2,3,0
282641,0.003387622236052973,4,2,2,3,0
281455,0.0034029771167634186,3,1,2,3,0
124561,0.0034092690533741236,4,2,2,3,0
96045,0.003411525450850459,6,3,3,3,0
280215,0.00341272470209272,6,5,1,3,0
359052,0.0034157079315639805,5,5,0,3,0
201078,0.003415784737707743,2,1,1,3,0
225288,0.003417647452500858,4,1,3,3,0
212403,0.003432463788442743,1,1,0,3,0
153151,0.003441021984811573,1,0,1,3,0
224308,0.003462647711632472,4,2,2,3,0
219476,0.0034659111618569717,7,4,3,3,0
257582,0.00346788977698663,4,4,0,3,0
244235,0.003473809991724634,5,3,2,3,0
116366,0.00347638652280359,1,1,0,3,0
237125,0.00348239338274916,1,0,1,3,0
267414,0.003485221026812098,5,3,2,3,0
186878,0.003487305233998786,4,4,0,3,0
226472,0.0035000703359763952,2,0,2,3,0
261314,0.0035008097438549647,2,0,2,3,0
326528,0.003503556074696933,4,2,2,3,0
255408,0.0035049276489507535,6,5,1,3,0
91755,0.003507197117438154,2,0,2,3,0
186168,0.003508453511969187,9,6,3,3,0
255425,0.0035095006334278475,5,3,2,3,0
384470,0.0035127270142110384,4,1,3,3,0
135678,0.003512867226437058,8,4,4,3,0
325387,0.0035145153390846364,5,2,3,3,0
259967,0.0035164052947489846,1,1,0,3,0
218803,0.0035200219672341586,8,6,2,3,0
286664,0.0035253353089323555,2,1,1,3,0
398472,0.003529173992328312,7,3,4,3,0
245728,0.003529536008096954,1,0,1,3,0
290772,0.0035409228765781787,4,2,2,3,0
310932,0.0035423521726664076,6,5,1,3,0
120803,0.0035462917537667465,4,3,1,3,0
115816,0.003550227176064251,1,0,1,3,0
213495,0.003554570608286683,2,2,0,3,0
363855,0.003555521231528047,4,2,2,3,0
285248,0.0035566964648952267,4,3,1,3,0
399572,0.00355728559408523,3,2,1,3,0
277368,0.0035591004058332897,4,2,2,3,0
151920,0.003559719287177244,1,0,1,3,0
317417,0.003571601978071349,3,0,3,3,0
203760,0.003576526937740753,2,0,2,3,0
152155,0.003579106982295784,0,0,0,3,0
241740,0.0035804941200911545,1,1,0,3,0
290175,0.0035816261559621252,2,0,2,3,0
225728,0.0035827570123151734,6,1,5,3,0
167540,0.003583741987914486,4,2,2,3,0
181679,0.0035908133758536494,4,2,2,3,0
109365,0.003591673318522141,0,0,0,3,0
351431,0.0035929656180648576,7,4,3,3,0
151070,0.003604175231562774,0,0,0,3,0
224369,0.0036084804388977314,8,7,1,3,0
361461,0.003611724620678766,10,9,1,3,0
177570,0.003613949370333352,1,1,0,3,0
214646,0.0036205642555394504,2,1,1,3,0
249474,0.0036211129968791874,4,2,2,3,0
220278,0.003626099842680712,3,1,2,3,0
109583,0.0036571613060806902,3,1,2,3,0
367256,0.003657469742456218,10,7,3,3,0
122636,0.0036600552841482463,4,2,2,3,0
193315,0.0036688378064089534,2,0,2,3,0
182681,0.0036692582157343205,4,3,1,3,0
234953,0.0036761835755995346,11,4,7,3,0
385513,0.003680689271480603,2,1,1,3,0
165097,0.0036834010946893534,0,0,0,3,0
229434,0.003689270160608507,4,3,1,3,0
130684,0.0036903122297623375,1,1,0,3,0
277478,0.0036906207915790175,4,2,2,3,0
210124,0.0037003141652937237,3,2,1,3,0
199882,0.0037015974339675156,3,2,1,3,0
299194,0.003705615642583051,6,5,1,3,0
195613,0.0037063739486904654,0,0,0,3,0
157119,0.003706609168736138,5,3,2,3,0
233412,0.0037106867102294334,5,5,0,3,0
125951,0.003714832593750286,0,0,0,3,0
124262,0.003717665010857185,2,1,1,3,0
366404,0.003723056824245282,6,1,5,3,0
170724,0.0037337600748819,1,0,1,3,0
162292,0.003739806145354236,2,1,1,3,0
342381,0.003739918595040569,3,3,0,3,0
148680,0.003741993273838398,2,1,1,3,0
128215,0.003742568293705648,11,8,3,3,0
381856,0.003758182482060003,3,1,2,3,0
135077,0.003766139955030209,0,0,0,3,0
136292,0.0037691018880614967,0,0,0,3,0
178945,0.0037780643397566133,9,4,5,3,0
350922,0.0037832204150782056,3,2,1,3,0
239526,0.0037843371915992725,1,0,1,3,0
167749,0.003786668636859435,2,1,1,3,0
344337,0.00379498692306221,1,0,1,3,0
176463,0.0038014759166876662,1,1,0,3,0
347798,0.003803011379806139,3,1,2,3,0
152167,0.003808302111849132,6,3,3,3,0
248510,0.003808354618045127,1,0,1,3,0
227755,0.0038084076450149986,6,4,2,3,0
359659,0.0038093541453284047,0,0,0,3,0
193244,0.003821637684205789,1,0,1,3,0
203925,0.0038372536845884195,0,0,0,3,0
394705,0.003841765654415032,3,1,2,3,0
371082,0.003845473199411608,10,8,2,3,0
140959,0.003848344314135158,3,3,0,3,0
291164,0.003859281586568989,4,3,1,3,0
217311,0.00387849231230035,3,2,1,3,0
305432,0.0038817461709369254,5,5,0,3,0
269331,0.003888228632433918,6,3,3,3,0
205319,0.0038921408171749172,2,1,1,3,0
390062,0.0038954574409674455,9,5,4,3,0
239063,0.0038963693494619904,1,0,1,3,0
388715,0.00391106563239862,1,0,1,3,0
364388,0.003918248385139186,4,0,4,3,0
177973,0.003926817698893972,0,0,0,3,0
175272,0.003927223817085898,3,1,2,3,0
150397,0.0039300181723554645,7,3,4,3,0
303882,0.003934780345790786,4,3,1,3,0
285338,0.003938369103303907,4,3,1,3,0
276698,0.003945187642698627,7,4,3,3,0
218012,0.003966113637493595,3,1,2,3,0
386232,0.003971761275068674,4,1,3,3,0
320271,0.003974031804497958,3,1,2,3,0
187905,0.00398137432174053,1,0,1,3,0
206055,0.0039881045281024855,8,4,4,3,0
123619,0.0039954507508387005,4,1,3,3,0
260586,0.0039977036352862125,5,1,4,3,0
104306,0.004004411203988315,4,2,2,4,0
389632,0.004008342910995106,2,1,1,4,0
320341,0.0040203849006525405,3,1,2,4,0
167485,0.004020802045541648,2,1,1,4,0
378972,0.004022838864257628,2,1,1,4,0
189832,0.004023754782007385,7,6,1,4,0
132172,0.004025065443551842,4,1,3,4,0
167934,0.004037500241495533,4,2,2,4,0
324822,0.0040379105767673435,2,0,2,4,0
227093,0.0040408482949734915,10,5,5,4,0
363060,0.0040542617116153725,4,1,3,4,0
173949,0.0040551936205555136,6,2,4,4,0
391529,0.004055331187562688,2,2,0,4,0
248215,0.004060965822300637,3,1,2,4,0
358538,0.004062841553811289,1,0,1,4,0
129992,0.004062894879305297,1,0,1,4,0
130584,0.004065053922520401,3,1,2,4,0
154226,0.004070673264731251,3,2,1,4,0
349600,0.004076572461247408,5,3,2,4,0
269547,0.004077919055256075,4,1,3,4,0
239717,0.004078432346929513,2,0,2,4,0
200115,0.004079321300254998,5,4,1,4,0
304452,0.004081121647680454,2,0,2,4,0
358193,0.0040887045615342005,7,3,4,4,0
331638,0.00408902086552772,6,4,2,4,0
315712,0.004100285184378667,8,7,1,4,0
278273,0.0041037917273332,1,0,1,4,0
316029,0.004106444288823518,3,1,2,4,0
108740,0.004106884840406254,5,2,3,4,0
345028,0.004109690320053414,2,1,1,4,0
388683,0.004125141327642445,2,0,2,4,0
210192,0.004130122608646032,4,0,4,4,0
232609,0.004130126337157063,2,0,2,4,0
268793,0.004132082201512377,3,1,2,4,0
162941,0.00413331450114229,4,2,2,4,0
328143,0.0041339698243826155,1,0,1,4,0
105852,0.004139463455515586,4,0,4,4,0
329400,0.0041409215195168415,1,0,1,4,0
119533,0.004148516534163742,1,1,0,4,0
386417,0.004153115665884781,3,2,1,4,0
347169,0.004153589359155006,5,0,5,4,0
169212,0.004155907084163741,4,1,3,4,0
128306,0.004159998115863909,3,2,1,4,0
282646,0.004162589850471249,4,1,3,4,0
225768,0.00416896342579087,6,2,4,4,0
381905,0.004197954614870866,6,3,3,4,0
247761,0.004204010498509559,4,2,2,4,0
76821,0.004207226288536024,5,2,3,4,0
221711,0.004212691732979294,5,2,3,4,0
190023,0.004234113845916234,1,0,1,4,0
146766,0.004239631290616878,3,2,1,4,0
72064,0.004250285106096166,4,3,1,4,0
272973,0.004255852909879498,5,2,3,4,0
154255,0.004257108523725157,4,2,2,4,0
279568,0.004262442167264592,6,2,4,4,0
195386,0.004266469296204997,3,1,2,4,0
115829,0.004272303194711512,5,3,2,4,0
147605,0.0042822890368752736,6,6,0,4,0
254009,0.004309699359668131,1,1,0,4,0
189678,0.004309998209569874,5,2,3,4,0
364774,0.0043221796895236515,1,0,1,4,0
280557,0.004325315998053458,1,0,1,4,0
182411,0.004326159323690403,6,4,2,4,0
204091,0.0043286095903598346,4,1,3,4,0
267165,0.00433505849245503,4,1,3,4,0
216968,0.004339945810925798,2,0,2,4,0
124425,0.0043413506386398935,4,2,2,4,0
171586,0.004344544253322784,4,2,2,4,0
109825,0.004348228251942576,0,0,0,4,0
137549,0.0043526615569720395,2,1,1,4,0
220149,0.004359049013562378,2,0,2,4,0
249259,0.004359140145501139,5,2,3,4,0
202642,0.004360999767045345,3,2,1,4,0
277856,0.004361600899152227,3,1,2,4,0
215965,0.0043692955636143544,4,0,4,4,0
278544,0.004370645851370184,1,0,1,4,0
150989,0.004375909933489906,3,0,3,4,0
292490,0.004388069515965354,1,0,1,4,0
393654,0.0043953631045284824,6,1,5,4,0
155615,0.004396672547700329,3,0,3,4,0
130667,0.004405123762481021,5,2,3,4,0
135681,0.004407571823595999,0,0,0,4,0
250920,0.004407583757205919,1,0,1,4,0
332437,0.004411148215596634,1,0,1,4,0
249975,0.00442637112843983,3,1,2,4,0
342133,0.004428420751986722,2,0,2,4,0
106080,0.004429898741286216,8,3,5,4,0
270185,0.004432123160653091,4,0,4,4,0
354831,0.004441610510151715,2,1,1,4,0
134877,0.00444325687716997,2,1,1,4,0
155048,0.004446871664401111,5,1,4,4,0
271052,0.004450887087718093,2,0,2,4,0
324178,0.0044673590331823654,6,2,4,4,0
266584,0.004469166147452123,5,1,4,4,0
102513,0.004469336005248883,6,3,3,4,0
251483,0.004470341487456355,2,0,2,4,0
95571,0.004473464235865965,7,5,2,4,0
310234,0.004476388927446057,1,1,0,4,0
199364,0.004476702419564142,0,0,0,4,0
178983,0.004477844976883694,1,0,1,4,0
126037,0.004479522060257149,3,2,1,4,0
381768,0.0044806403817046064,3,1,2,4,0
388202,0.00448843126992412,1,0,1,4,0
167255,0.00450637649306472,5,4,1,4,0
125242,0.00450822100335247,4,3,1,4,0
240148,0.004516397823920978,2,1,1,4,0
174527,0.0045194697453728,0,0,0,4,0
159522,0.004521602256684749,3,2,1,4,0
300643,0.004525954370637768,4,1,3,4,0
283143,0.004549526090382053,2,0,2,4,0
251027,0.0045497737473118,5,3,2,4,0
171321,0.0045518112397385365,0,0,0,4,0
286102,0.004563242569993973,4,1,3,4,0
58450,0.004567124408785276,8,3,5,4,0
178381,0.004573839032965866,4,3,1,4,0
185759,0.004574720527724665,6,3,3,4,0
121517,0.004584036967126912,2,0,2,4,0
104221,0.0045883145094968636,6,1,5,4,0
167117,0.004600633058193917,12,11,1,4,0
246578,0.004610536188495205,2,0,2,4,0
117656,0.004613330648466963,10,6,4,4,0
240812,0.004624629850768004,1,0,1,4,0
134702,0.004626021268348074,6,1,5,4,0
175120,0.00464010759684329,3,2,1,4,0
274446,0.004653141670508637,7,4,3,4,0
101128,0.004655861653817087,1,0,1,4,0
202597,0.0046589183316977315,4,2,2,4,0
217313,0.004664754580541416,4,1,3,4,0
193776,0.004665530152251779,4,2,2,4,0
175862,0.004667447725980605,4,3,1,4,0
179695,0.004668965815582985,5,2,3,4,0
128583,0.004671589126038122,9,6,3,4,0
254135,0.004675589831288643,4,1,3,4,0
364093,0.004675689685462561,4,0,4,4,0
166296,0.0046773863905706994,1,0,1,4,0
323971,0.004680015539039552,6,2,4,4,0
252440,0.004681562899472918,6,6,0,4,0
90081,0.004684887521992982,2,0,2,4,0
193350,0.004686012530826447,5,4,1,4,0
114030,0.004690512277448018,3,1,2,4,0
292149,0.004709521492852623,1,1,0,4,0
243048,0.004720764211476933,5,3,2,4,0
320922,0.004729257108229123,2,2,0,4,0
222221,0.004734904305828166,4,0,4,4,0
343875,0.004748221925264491,7,5,2,4,0
399485,0.004760930112381985,4,1,3,4,0
115688,0.004763481672527723,9,2,7,4,0
208291,0.0047732621724849425,4,2,2,4,0
211357,0.00477394819117669,2,1,1,4,0
388108,0.004775594199693166,3,1,2,4,0
102315,0.004776643702716044,5,2,3,4,0
212280,0.0047816906109050894,1,0,1,4,0
374113,0.004789257742146314,0,0,0,4,0
118991,0.004792111627125109,4,2,2,4,0
176452,0.004798362581315679,3,1,2,4,0
138440,0.004808687737238361,0,0,0,4,0
226420,0.004811378367424186,4,3,1,4,0
157478,0.004815651784992077,1,0,1,4,0
307474,0.004817453090194656,2,1,1,4,0
269987,0.004824454848806891,7,4,3,4,0
197305,0.004825580986204054,3,1,2,4,0
231259,0.0048275106012410475,2,1,1,4,0
158923,0.004829085578726581,1,0,1,4,0
154962,0.004832467375956403,7,4,3,4,0
375307,0.0048359042199196175,7,1,6,4,0
279206,0.0048465634821364696,3,1,2,4,0
138692,0.0048515376055173285,1,1,0,4,0
163138,0.004856007618014202,6,2,4,4,0
209351,0.00486254272977821,3,1,2,4,0
100958,0.004866091587136424,8,3,5,4,0
143487,0.004867883492821869,3,2,1,4,0
125889,0.004868672834416994,3,0,3,4,0
214145,0.004871655626372157,1,1,0,4,0
185864,0.004872908149375474,7,6,1,4,0
171955,0.004879636847083375,5,2,3,4,0
340788,0.004891338231751971,6,5,1,4,0
111510,0.004909714307466157,4,1,3,4,0
158376,0.0049119690220271505,3,1,2,4,0
296428,0.004912154668977774,4,1,3,4,0
289017,0.004916731968653339,7,6,1,4,0
274896,0.004924194587370919,3,1,2,4,0
322124,0.004925954469398104,4,2,2,4,0
324082,0.004931636077287928,5,4,1,4,0
294541,0.004933141657816254,1,1,0,4,0
204588,0.004939207947170269,1,0,1,4,0
192380,0.004940156489038443,7,0,7,4,0
141194,0.004940312284197409,2,1,1,4,0
172596,0.004948779860675828,6,2,4,4,0
303772,0.004949929754382285,6,1,5,4,0
170547,0.004953959549952049,6,3,3,4,0
312747,0.004954488905156782,3,2,1,4,0
200827,0.00496272980635577,4,1,3,4,0
396892,0.004967974479140862,1,1,0,4,0
256878,0.0049712980679057295,2,0,2,4,0
194973,0.004981086828176288,6,2,4,4,0
230824,0.0049891266790515676,10,5,5,4,0
186486,0.004993490530418355,2,1,1,4,0
174218,0.00499462273221385,4,3,1,4,0
383904,0.004998771604167214,6,2,4,4,0
321625,0.00500336989290298,3,0,3,5,0
235220,0.005006735666634857,6,5,1,5,0
172215,0.005007375378520761,4,1,3,5,0
332224,0.005010388757553687,7,5,2,5,0
180086,0.005011464721729446,3,1,2,5,0
378346,0.005012409189172622,3,1,2,5,0
254495,0.005015253153477301,5,3,2,5,0
363336,0.005017594664120543,2,0,2,5,0
109376,0.00502342356751197,3,2,1,5,0
166071,0.005023969294229798,6,5,1,5,0
209084,0.0050283054379847035,5,1,4,5,0
124726,0.005031648256098567,4,2,2,5,0
240093,0.00503287010004769,6,1,5,5,0
301107,0.0050456154409314995,4,1,3,5,0
364178,0.005050354534396508,1,0,1,5,0
291707,0.005056042436502732,2,1,1,5,0
295743,0.005056833586239162,15,12,3,5,0
312173,0.005058709874381187,5,3,2,5,0
363672,0.005061100233561102,2,0,2,5,0
118835,0.0050666952685415965,1,1,0,5,0
164213,0.005070187945686909,3,2,1,5,0
76048,0.005070428614453744,11,8,3,5,0
209361,0.005073569660093216,7,5,2,5,0
240038,0.005084017405830297,3,1,2,5,0
205047,0.0050913496472509085,8,4,4,5,0
195706,0.005093237630743653,4,0,4,5,0
200560,0.0050933815583810065,8,5,3,5,0
194215,0.005095699744423826,4,1,3,5,0
226699,0.005096315306731852,5,3,2,5,0
117004,0.005101242232597356,4,1,3,5,0
384867,0.0051013136521506665,5,1,4,5,0
144154,0.00510575411110941,9,4,5,5,0
169284,0.005116283718698781,5,2,3,5,0
336052,0.005126150545514568,8,7,1,5,0
150783,0.0051293328769175485,6,4,2,5,0
168708,0.005130164718923554,5,2,3,5,0
206418,0.005135578147094897,5,2,3,5,0
109471,0.005136026236454909,4,2,2,5,0
34789,0.005136780487031416,3,1,2,5,0
224093,0.0051416050677516425,5,1,4,5,0
396865,0.0051433318539793335,3,4,-1,5,0
144695,0.005149276228636914,2,0,2,5,0
210796,0.005153012388264299,2,0,2,5,0
248109,0.0051571848623996365,2,0,2,5,0
127485,0.005159286216138189,5,3,2,5,0
140895,0.005166545060946321,5,1,4,5,0
74727,0.005168555348715971,2,2,0,5,0
228488,0.0051815543701819134,3,2,1,5,0
110418,0.00518658000603574,0,0,0,5,0
385379,0.005191437418299733,6,2,4,5,0
324650,0.005197461354603414,3,1,2,5,0
276671,0.005198456683157478,6,4,2,5,0
333176,0.005202472584950776,8,3,5,5,0
313351,0.005205712745396309,6,2,4,5,0
260402,0.005209326367707415,5,3,2,5,0
200931,0.005219508633467875,5,3,2,5,0
372484,0.005221753285846228,6,4,2,5,0
201596,0.005226423294822151,10,4,6,5,0
195468,0.005240232053455941,4,1,3,5,0
203599,0.005242152995993925,10,7,3,5,0
101445,0.005242266909486301,2,2,0,5,0
156410,0.0052433759342337865,7,3,4,5,0
197451,0.0052440472674573305,3,2,1,5,0
163988,0.005246088691193839,3,1,2,5,0
251960,0.005246322196697145,0,0,0,5,0
108132,0.0052527580421436,5,2,3,5,0
153962,0.0052559660392287304,1,0,1,5,0
161417,0.005265664661079678,3,0,3,5,0
235295,0.005281866653161424,2,0,2,5,0
144070,0.0052962508215813504,7,6,1,5,0
143112,0.005298533255921089,10,3,7,5,0
217912,0.0053067678593720115,4,1,3,5,0
255540,0.005317338843153367,4,2,2,5,0
150462,0.005326601762675907,3,1,2,5,0
197371,0.005327699622667233,5,0,5,5,0
205348,0.005328510618040827,4,1,3,5,0
211092,0.0053371013273678805,1,0,1,5,0
183555,0.005339971989591184,6,1,5,5,0
251775,0.0053473039814429845,2,0,2,5,0
238884,0.005348079200392168,0,0,0,5,0
210195,0.005349396864206209,9,4,5,5,0
83048,0.005353294531324636,2,0,2,5,0
292705,0.005354117355640615,3,1,2,5,0
207945,0.005358313569317805,6,4,2,5,0
166539,0.005361255463307428,4,2,2,5,0
142006,0.005371455845004828,1,0,1,5,0
117149,0.005379583898340239,2,0,2,5,0
249285,0.00539890541842524,3,2,1,5,0
132012,0.005402164866667997,0,0,0,5,0
199350,0.0054035850866847165,1,0,1,5,0
303208,0.005407843626515276,3,1,2,5,0
275238,0.005411800817604254,3,2,1,5,0
155364,0.005415619395623326,5,0,5,5,0
249446,0.005424063864852881,2,0,2,5,0
194420,0.005433024209767451,4,1,3,5,0
205326,0.005438956759554773,1,0,1,5,0
326613,0.0054399417180220535,1,0,1,5,0
211745,0.005442452694847105,0,0,0,5,0
277125,0.005444469048837634,6,4,2,5,0
210044,0.005446275774314512,10,5,5,5,0
285817,0.0054607401372792665,2,1,1,5,0
142532,0.005463643111420819,1,0,1,5,0
125766,0.005471618952783085,3,1,2,5,0
251946,0.00548090985106545,8,7,1,5,0
244296,0.005485032898737123,5,1,4,5,0
184281,0.005492799357594139,5,3,2,5,0
219990,0.005498262886420978,3,2,1,5,0
164179,0.005498934646113426,5,2,3,5,0
299301,0.005501227478572821,13,7,6,5,0
289912,0.005506163518096756,8,3,5,5,0
61788,0.005508714646134385,6,3,3,5,0
158947,0.005510499008187727,3,1,2,5,0
218047,0.005514344335630074,2,0,2,5,0
284976,0.005515027522250757,5,1,4,5,0
247610,0.005522183055390266,4,2,2,5,0
391689,0.005522434373892989,7,4,3,5,0
176851,0.005525059881694101,7,4,3,5,0
122859,0.005526437087678561,1,0,1,5,0
368751,0.005531148761482078,4,1,3,5,0
397143,0.005532407551914506,3,1,2,5,0
358761,0.005532528873230745,3,2,1,5,0
263905,0.005532613292873482,7,4,3,5,0
293538,0.005534170732188027,5,2,3,5,0
227815,0.0055347281957543225,3,0,3,5,0
365486,0.005535091967601298,3,2,1,5,0
269405,0.005537574527805486,2,1,1,5,0
195448,0.005543946974219803,1,0,1,5,0
222097,0.005552156981514728,10,6,4,5,0
262214,0.0055533563823592464,5,3,2,5,0
320452,0.005555477955533139,6,4,2,5,0
166930,0.005557777572520053,3,0,3,5,0
266029,0.005564074871639803,2,0,2,5,0
257066,0.0055695709126740755,4,2,2,5,0
171628,0.005570185609387084,2,1,1,5,0
203473,0.0055704470776553735,2,0,2,5,0
335526,0.005575981011967211,8,4,4,5,0
142829,0.0055810796657148965,2,0,2,5,0
140135,0.00559305877642555,5,4,1,5,0
197148,0.005599181170184676,2,1,1,5,0
135954,0.005604205640330825,13,7,6,5,0
101395,0.005606017436194428,7,3,4,5,0
156015,0.005606472212296738,3,0,3,5,0
225394,0.005607841551628467,7,2,5,5,0
185622,0.005611011101773986,8,5,3,5,0
104344,0.005614333073814854,7,5,2,5,0
332640,0.005616422476223709,3,1,2,5,0
383450,0.005628154749610444,1,1,0,5,0
132782,0.005628404856566894,5,3,2,5,0
348943,0.005630961762924205,5,3,2,5,0
209510,0.005640621339036382,8,4,4,5,0
255297,0.005644721109239625,1,0,1,5,0
225458,0.005645546183391681,2,1,1,5,0
279237,0.00564786588777716,2,0,2,5,0
322141,0.005650711983721417,9,4,5,5,0
235039,0.0056562092918237316,9,2,7,5,0
221946,0.0056563726958149966,9,3,6,5,0
345148,0.005664746421567286,4,2,2,5,0
205830,0.0056668244876778,1,0,1,5,0
221708,0.005667069298259263,1,0,1,5,0
70491,0.00566900431238251,2,1,1,5,0
108953,0.00567116425904856,5,1,4,5,0
260941,0.00568270787908639,9,6,3,5,0
296800,0.005688062308129909,5,2,3,5,0
281923,0.005696702340271404,4,1,3,5,0
251552,0.00569681744787702,7,2,5,5,0
120158,0.005703743288729265,12,8,4,5,0
156833,0.005711080052024975,4,0,4,5,0
177215,0.005711933014514557,2,1,1,5,0
183432,0.00571355107625663,11,4,7,5,0
169962,0.005717075110192396,4,3,1,5,0
217143,0.00572266311329675,10,7,3,5,0
363400,0.005734601722726234,2,0,2,5,0
138076,0.005741073354187755,4,0,4,5,0
106608,0.005765063358231555,3,2,1,5,0
178074,0.0057691084460150446,1,0,1,5,0
163740,0.0057733128308526,0,0,0,5,0
231732,0.0057734010006708966,6,2,4,5,0
213824,0.005784573226798761,5,2,3,5,0
177334,0.005801499728789006,2,0,2,5,0
335575,0.005806390384817054,3,1,2,5,0
288463,0.005818287328737923,4,1,3,5,0
246399,0.005826232808366822,9,6,3,5,0
284248,0.00583902783135998,9,6,3,5,0
248479,0.00584070791525252,1,0,1,5,0
238426,0.005844165388276977,1,1,0,5,0
317767,0.005845099370243812,8,3,5,5,0
149200,0.005845631234506708,8,6,2,5,0
248307,0.005846848149830726,2,1,1,5,0
384836,0.005851042711755257,2,1,1,5,0
142065,0.005853389917772623,3,2,1,5,0
211976,0.005859295934079174,3,0,3,5,0
86637,0.005861765959135393,4,0,4,5,0
196220,0.005863715421759367,6,3,3,5,0
114758,0.005863769365078843,5,3,2,5,0
199033,0.005871686614965906,4,1,3,5,0
289345,0.005876873270376717,2,0,2,5,0
219765,0.005878998902810834,3,1,2,5,0
166092,0.00589884322808738,2,0,2,5,0
143358,0.0059008137020156275,5,4,1,5,0
137537,0.005902101630939473,9,6,3,5,0
293134,0.005905461403553911,4,3,1,5,0
153706,0.005908281267952553,4,3,1,5,0
261476,0.005916148933529573,5,2,3,5,0
213323,0.005917475520831553,5,3,2,5,0
304529,0.005923712719769171,4,1,3,5,0
253927,0.005929337088633651,4,1,3,5,0
240528,0.005933297181478534,5,1,4,5,0
182330,0.005934436103145569,6,4,2,5,0
129987,0.005940200875383497,1,1,0,5,0
285615,0.00594530349172118,2,0,2,5,0
358674,0.0059522760745905285,2,1,1,5,0
160833,0.00596094952761876,3,1,2,5,0
174666,0.005960963107493384,1,0,1,5,0
257727,0.005963103361832042,4,1,3,5,0
278559,0.005964331169124036,7,4,3,5,0
364239,0.005976202744551593,3,1,2,5,0
208406,0.005979531672835392,3,1,2,5,0
126595,0.005985326425245463,5,1,4,5,0
350381,0.005987983431613642,2,2,0,5,0
169657,0.005993381400140927,2,1,1,5,0
242050,0.005995041154963637,4,0,4,5,0
278875,0.005999624855376625,13,10,3,5,0
230180,0.006002012722179895,1,0,1,6,0
313881,0.00600551632314262,5,1,4,6,0
286492,0.006013427941673828,9,7,2,6,0
152495,0.006014786588659434,3,0,3,6,0
244401,0.006015008211340462,6,3,3,6,0
67045,0.006015424379445477,5,4,1,6,0
288236,0.0060218039769670325,6,2,4,6,0
145833,0.006024416187145587,5,2,3,6,0
212550,0.006024666873692699,5,1,4,6,0
148850,0.006027944998976711,5,2,3,6,0
153063,0.006046220118838267,2,1,1,6,0
226241,0.006046235628967472,5,2,3,6,0
233683,0.006048827553216624,6,2,4,6,0
164270,0.006051337180601401,4,1,3,6,0
123895,0.00605321013953218,5,3,2,6,0
284917,0.006060245262809229,0,0,0,6,0
279688,0.006065079069898724,2,0,2,6,0
183937,0.006067924946852293,2,1,1,6,0
293480,0.006068222245294508,5,1,4,6,0
208537,0.00606925725132648,6,3,3,6,0
241663,0.006074536645465608,3,1,2,6,0
190649,0.006089249712472987,9,4,5,6,0
260123,0.006100399398454986,1,0,1,6,0
250593,0.0061015340520817005,0,0,0,6,0
283206,0.006110862354738932,3,3,0,6,0
210542,0.006112542282316917,3,3,0,6,0
171050,0.00611354313417525,6,4,2,6,0
130478,0.0061136877997053545,14,10,4,6,0
133535,0.0061141172751873,6,2,4,6,0
357193,0.006117100895397303,4,1,3,6,0
125319,0.006128284232772999,6,3,3,6,0
336103,0.006130157881382154,3,0,3,6,0
346036,0.006130187989891894,2,1,1,6,0
162108,0.006132387816335308,7,6,1,6,0
121142,0.006133573192440718,1,0,1,6,0
271442,0.006143769266666755,3,0,3,6,0
128083,0.006145146171633465,10,6,4,6,0
58300,0.006153750318484616,3,2,1,6,0
294792,0.006156207091183016,4,1,3,6,0
350089,0.006156219602547807,5,0,5,6,0
140347,0.006169006458574335,7,3,4,6,0
359303,0.006177911757879253,6,2,4,6,0
164581,0.006188341545918157,4,0,4,6,0
161369,0.0061995884229111824,7,3,4,6,0
154790,0.006199609249288159,5,2,3,6,0
147637,0.006204664460617654,3,1,2,6,0
229426,0.0062051423053057315,5,0,5,6,0
160942,0.006206650985681103,6,1,5,6,0
128983,0.006210226124111268,5,3,2,6,0
337639,0.0062112460659640625,3,0,3,6,0
100690,0.006217714245441612,7,4,3,6,0
195690,0.006219166079901383,5,4,1,6,0
155378,0.006221883912557849,5,4,1,6,0
216479,0.006223403791859221,3,1,2,6,0
232882,0.006235039053993327,4,2,2,6,0
245167,0.0062379819049821015,5,2,3,6,0
249254,0.006242951645581528,10,5,5,6,0
120116,0.006247257118365538,4,3,1,6,0
196714,0.006247525703420118,4,2,2,6,0
159858,0.006273657332212025,6,3,3,6,0
336902,0.006277684048986917,3,1,2,6,0
135702,0.006285980137568799,4,1,3,6,0
166705,0.006293203360818159,2,0,2,6,0
167326,0.006299089760108384,6,4,2,6,0
181742,0.006299398421197346,7,1,6,6,0
299633,0.006302839835428484,6,1,5,6,0
362388,0.006308821309524722,5,2,3,6,0
104572,0.006309814329144354,4,1,3,6,0
126302,0.006319372801596256,4,2,2,6,0
183889,0.00632044620849926,15,9,6,6,0
173168,0.006321667548981022,18,11,7,6,0
395859,0.0063285925190396785,5,1,4,6,0
154404,0.0063337055250332775,4,2,2,6,0
262002,0.006340142910877895,10,4,6,6,0
156314,0.006342392592426496,8,5,3,6,0
377774,0.006345399768866172,5,1,4,6,0
381839,0.006348442847034203,9,2,7,6,0
136878,0.006351669115049604,7,5,2,6,0
362564,0.006363174979501221,17,10,7,6,0
171783,0.006365121304705092,2,0,2,6,0
162232,0.006368936360460804,2,1,1,6,0
154248,0.006370212002581538,2,2,0,6,0
107490,0.00637079229446143,3,0,3,6,0
198616,0.006382536398954405,4,1,3,6,0
153796,0.0063840036875885174,8,4,4,6,0
214387,0.00638748799489144,4,0,4,6,0
136118,0.006396914943592526,3,2,1,6,0
216277,0.006405486119206801,2,1,1,6,0
224053,0.006410112789420698,1,0,1,6,0
156682,0.006414394700082155,4,2,2,6,0
252693,0.0064166339221759785,4,0,4,6,0
194796,0.0064199855278115146,2,0,2,6,0
121634,0.006422935554426701,7,4,3,6,0
211188,0.00642385246682471,3,0,3,6,0
166820,0.006445937584088588,3,1,2,6,0
151099,0.006453593171096775,3,0,3,6,0
339585,0.006453972333804633,5,1,4,6,0
203475,0.006468654034077755,5,2,3,6,0
369941,0.00647799345273241,9,5,4,6,0
343864,0.0064784519289860405,6,3,3,6,0
148921,0.006478907714713288,4,1,3,6,0
55193,0.006480471158621356,11,4,7,6,0
187287,0.006493116723090603,7,3,4,6,0
53023,0.006494955432303026,4,3,1,6,0
58399,0.006496060210903014,3,1,2,6,0
268500,0.006505004462844042,4,2,2,6,0
294530,0.00652024907181765,10,6,4,6,0
297665,0.006528348267266667,7,8,-1,6,0
165951,0.006543130896763054,5,4,1,6,0
258038,0.006548113833717138,12,6,6,6,0
190144,0.006550260342015492,3,2,1,6,0
293127,0.0065504485787886285,8,3,5,6,0
187097,0.006550593749351711,6,2,4,6,0
130569,0.006554232102871461,4,1,3,6,0
196638,0.006566236807790075,2,1,1,6,0
171685,0.00657148761311704,8,2,6,6,0
110251,0.006575065745280962,2,1,1,6,0
217793,0.006577433130146425,9,3,6,6,0
248750,0.006589094105256499,3,1,2,6,0
187685,0.006591135139895702,3,2,1,6,0
167225,0.006592450243006803,2,2,0,6,0
238585,0.006593965115584855,5,2,3,6,0
317897,0.006597495122408872,6,0,6,6,0
131007,0.006605036496955739,3,3,0,6,0
215156,0.006608057772413666,1,0,1,6,0
208209,0.006617529978914614,12,6,6,6,0
276749,0.00663216501120984,3,0,3,6,0
348509,0.0066339450417861765,3,1,2,6,0
327708,0.006635492201018785,8,1,7,6,0
297279,0.006635632416400154,9,2,7,6,0
235384,0.006636777367488182,8,4,4,6,0
131134,0.006643276145686906,8,4,4,6,0
263412,0.006653241444707513,4,0,4,6,0
141864,0.006653969210554552,14,11,3,6,0
312261,0.0066559951609583565,6,2,4,6,0
167697,0.006657067571420388,7,3,4,6,0
172778,0.006659427530180752,2,1,1,6,0
167916,0.0066694856036227995,7,4,3,6,0
97953,0.006677013475514781,5,2,3,6,0
104220,0.006678959267164788,6,5,1,6,0
55209,0.006686374939889572,7,4,3,6,0
276869,0.0066892079557305155,5,1,4,6,0
262151,0.006690780843426118,0,0,0,6,0
105656,0.0066968558067005725,6,3,3,6,0
144778,0.0066994958682263395,3,0,3,6,0
196102,0.00670607638454262,4,1,3,6,0
264249,0.006706282755560115,3,1,2,6,0
250302,0.006710818634308167,3,1,2,6,0
109935,0.006718717000836308,4,2,2,6,0
244248,0.006719826324901691,3,0,3,6,0
169862,0.006725533217091703,5,1,4,6,0
891,0.006728023061652445,9,4,5,6,0
184888,0.0067303865628327506,2,0,2,6,0
391475,0.006730438001409373,4,2,2,6,0
74149,0.006731906952006125,6,4,2,6,0
109429,0.006733638880394173,9,4,5,6,0
233717,0.00673560463170067,4,2,2,6,0
190240,0.006736041677539954,3,0,3,6,0
289216,0.0067393287060516695,7,2,5,6,0
131653,0.006740616312390142,0,0,0,6,0
278731,0.006749639975971192,5,2,3,6,0
291698,0.006755875756332738,2,1,1,6,0
211952,0.006755915765420184,1,0,1,6,0
168716,0.006757555417369663,2,0,2,6,0
269862,0.0067683556954940445,0,0,0,6,0
398487,0.006771946877908623,1,0,1,6,0
172712,0.00677486502871949,9,7,2,6,0
190920,0.00678808244485119,4,0,4,6,0
340312,0.006795138934339946,5,1,4,6,0
283355,0.006799809384735092,4,2,2,6,0
385774,0.0068014807625289215,5,1,4,6,0
345664,0.0068084816016159965,2,0,2,6,0
295334,0.006814780559164127,9,5,4,6,0
191633,0.006819161615831833,8,1,7,6,0
292039,0.006828945108866199,7,2,5,6,0
103229,0.006836803302637019,9,4,5,6,0
236661,0.006838474451258491,9,3,6,6,0
316589,0.006841401631462455,5,0,5,6,0
230300,0.006849312237813994,7,3,4,6,0
345036,0.00685138850924439,1,1,0,6,0
305854,0.006855542313386119,3,1,2,6,0
357459,0.00685792037519757,4,1,3,6,0
182662,0.006863023054891311,9,3,6,6,0
155849,0.0068652769522088795,2,1,1,6,0
220477,0.006867330986721094,2,0,2,6,0
143489,0.006867356249940082,7,1,6,6,0
253756,0.006874392074098853,9,4,5,6,0
265370,0.006882170989350229,7,4,3,6,0
150543,0.006885328502415016,3,1,2,6,0
219894,0.0069017577640688695,6,3,3,6,0
113921,0.006918340792703883,10,6,4,6,0
229263,0.006922646183635749,6,1,5,6,0
71157,0.006931036640688427,7,3,4,6,0
196376,0.0069342043058555364,5,1,4,6,0
332388,0.006963654716888033,6,6,0,6,0
337986,0.006966742654124567,2,0,2,6,0
286116,0.006972952774919168,10,6,4,6,0
163124,0.006975269861270857,7,4,3,6,0
249934,0.00697693268484656,10,5,5,6,0
303093,0.006977941658443256,2,0,2,6,0
285484,0.006980440782542447,2,0,2,6,0
215541,0.006988633010095128,8,5,3,6,0
123037,0.006991713445367806,3,1,2,6,0
373966,0.006994738793102199,8,4,4,6,0
293294,0.006996846435537445,6,0,6,6,0
150655,0.006996889121869513,5,0,5,6,0
227462,0.007010953010776966,3,0,3,7,0
264098,0.0070112066240319735,8,5,3,7,0
123841,0.007013234411608391,6,1,5,7,0
122851,0.007016185870825376,7,4,3,7,0
215769,0.007018074049036848,12,4,8,7,0
112864,0.00701854156126155,5,1,4,7,0
173241,0.007022022895286229,6,2,4,7,0
356975,0.007050942445830055,2,0,2,7,0
122825,0.0070520012467275295,8,3,5,7,0
399875,0.007053917741572637,6,1,5,7,0
167338,0.007057647549481091,6,2,4,7,0
202501,0.007058150657239894,4,1,3,7,0
160736,0.007059121740609081,6,2,4,7,0
135148,0.007059726902196268,2,0,2,7,0
225442,0.007072858861999322,5,0,5,7,0
189315,0.0070808278709885465,3,1,2,7,0
371008,0.007085045259383196,9,4,5,7,0
75000,0.007100463431222456,13,7,6,7,0
203703,0.007103462450593384,3,1,2,7,0
275673,0.007103781946527862,3,1,2,7,0
126862,0.0071047601677885685,3,3,0,7,0
202714,0.007106697187239605,2,1,1,7,0
355623,0.007110879705636657,6,2,4,7,0
215558,0.007136051480895956,5,1,4,7,0
178338,0.007136882835261461,8,5,3,7,0
281665,0.007137712668957737,1,1,0,7,0
270345,0.007138709611025402,5,1,4,7,0
153255,0.00714019864822759,2,1,1,7,0
281801,0.0071420209768807245,5,1,4,7,0
295788,0.007151341123639241,7,1,6,7,0
388519,0.007161973762331172,4,3,1,7,0
78395,0.007164613485291341,2,0,2,7,0
106224,0.007165408238367899,9,5,4,7,0
109072,0.0071717277175798325,6,0,6,7,0
156565,0.00717320142405345,3,2,1,7,0
397807,0.007175500466156394,4,0,4,7,0
160099,0.007180852258865911,2,1,1,7,0
216468,0.007190124194501883,6,1,5,7,0
251644,0.0071909691003145355,16,11,5,7,0
323187,0.007191288586029807,2,0,2,7,0
285480,0.007209571447017577,7,2,5,7,0
319592,0.007221851884394599,1,0,1,7,0
236154,0.007225878146713282,4,3,1,7,0
214717,0.007228303599621145,14,8,6,7,0
128066,0.007251699172657885,3,0,3,7,0
247367,0.007252599262606035,4,3,1,7,0
171473,0.007258004277627111,3,1,2,7,0
121908,0.007263094037520244,14,7,7,7,0
293160,0.00726602851009945,8,3,5,7,0
255515,0.007269105090970426,4,1,3,7,0
234674,0.007270976580739515,10,5,5,7,0
211175,0.00728042076403298,7,6,1,7,0
182659,0.007296736035859156,8,5,3,7,0
120918,0.007301052540392997,3,1,2,7,0
266048,0.007308625263248906,6,1,5,7,0
156688,0.007308762407871785,10,3,7,7,0
114392,0.007308859519343423,5,2,3,7,0
166900,0.0073091753839618235,16,11,5,7,0
368050,0.007315063813718577,5,1,4,7,0
239519,0.00731559206518573,6,3,3,7,0
118790,0.007320605463081802,5,1,4,7,0
106052,0.007321780294944402,4,1,3,7,0
330260,0.0073274063674971905,3,1,2,7,0
198314,0.007330240131367031,10,5,5,7,0
142627,0.007332805551735407,7,2,5,7,0
229274,0.007333868992118889,6,4,2,7,0
157782,0.0073350865564371336,8,5,3,7,0
132643,0.0073376574122571816,3,0,3,7,0
117076,0.00733847720418487,3,0,3,7,0
192738,0.007339280037835801,6,2,4,7,0
231340,0.007345226236016287,9,7,2,7,0
278865,0.007347087352451754,2,2,0,7,0
330850,0.007351716934545175,1,0,1,7,0
179224,0.0073549960560098365,2,0,2,7,0
145099,0.00736422309806931,7,2,5,7,0
197419,0.007367269704251077,4,0,4,7,0
307354,0.007369224535588625,13,8,5,7,0
197551,0.007381223240227483,0,0,0,7,0
122432,0.007383330332658939,1,0,1,7,0
280021,0.007388985206963035,1,0,1,7,0
381592,0.007405419860620936,3,1,2,7,0
60339,0.007411010049361412,5,0,5,7,0
173783,0.007421746672987064,5,0,5,7,0
267133,0.0074228008769116685,4,1,3,7,0
176882,0.007428393481957844,3,1,2,7,0
397606,0.0074401476906724405,8,3,5,7,0
388939,0.007453422758186117,12,8,4,7,0
161428,0.007455919897986455,12,7,5,7,0
297648,0.007456039710451968,6,2,4,7,0
331666,0.0074597346470355345,3,1,2,7,0
191678,0.007463455602090191,3,2,1,7,0
397450,0.00746577198078722,0,0,0,7,0
222230,0.007466608533100619,9,5,4,7,0
291008,0.007467109626092186,10,4,6,7,0
166569,0.007467487469630183,2,0,2,7,0
275329,0.007477785047550374,6,2,4,7,0
390296,0.007482188103894584,1,0,1,7,0
155783,0.007487177190760088,10,2,8,7,0
269919,0.007494884194437263,6,3,3,7,0
70099,0.00750152261179264,10,3,7,7,0
132427,0.007509032624560463,2,1,1,7,0
152131,0.007516951914789006,4,2,2,7,0
136640,0.007522063687889745,1,0,1,7,0
115924,0.0075255405145819776,2,0,2,7,0
171005,0.0075346681978938354,6,2,4,7,0
269743,0.007534966256306738,7,2,5,7,0
158796,0.007535045565245405,7,2,5,7,0
202284,0.0075444739282367786,4,2,2,7,0
115062,0.0075473385188970215,6,4,2,7,0
156231,0.007549230908669275,0,0,0,7,0
381091,0.007555086216208367,3,1,2,7,0
242273,0.007556775213268857,4,2,2,7,0
337896,0.0075573994294520505,11,5,6,7,0
216667,0.007557549301451088,5,2,3,7,0
221963,0.007560467853168864,7,0,7,7,0
311076,0.007570063876949047,6,6,0,7,0
371941,0.007570658728044884,6,1,5,7,0
224165,0.007574959610832487,10,6,4,7,0
197220,0.0075784578993056675,9,5,4,7,0
379701,0.007590419240323939,13,7,6,7,0
221550,0.007601957650982504,5,0,5,7,0
309907,0.0076058206652419155,3,0,3,7,0
265107,0.0076155440746904605,6,3,3,7,0
223057,0.007623979515795637,4,2,2,7,0
220911,0.007633435586470814,3,1,2,7,0
278714,0.007646157833416486,1,0,1,7,0
344588,0.0076505496937128575,10,4,6,7,0
182783,0.0076560667193855195,4,1,3,7,0
161061,0.007657333989401177,5,3,2,7,0
393036,0.00765913140458401,5,1,4,7,0
306705,0.0076686838154134025,2,1,1,7,0
288716,0.007673197494085503,7,1,6,7,0
167277,0.007676467831783703,10,5,5,7,0
100424,0.007677606798024829,8,2,6,7,0
305823,0.007683882190987636,6,4,2,7,0
173237,0.007704603096482032,12,5,7,7,0
345838,0.007715752899562972,6,4,2,7,0
150252,0.007720963234210385,7,2,5,7,0
190610,0.0077211611698763455,3,0,3,7,0
246757,0.007740870624244575,4,0,4,7,0
214133,0.0077443409785602265,1,0,1,7,0
121355,0.007746274440976777,3,0,3,7,0
217818,0.00775013070475578,6,2,4,7,0
347268,0.007750860390395319,4,2,2,7,0
206933,0.007751466761998811,1,0,1,7,0
224978,0.00775632593969296,7,2,5,7,0
253727,0.007769500706316295,1,1,0,7,0
126326,0.007782856613398354,6,2,4,7,0
132328,0.007789708182256715,6,4,2,7,0
190694,0.007792878053970791,12,7,5,7,0
124061,0.007794154583813177,10,3,7,7,0
205772,0.007813609036490482,10,4,6,7,0
302277,0.007818552096875915,7,2,5,7,0
322480,0.007818599039436054,3,2,1,7,0
208697,0.00782072836230415,7,1,6,7,0
374127,0.007821528721815808,11,6,5,7,0
230568,0.007826878411676038,7,4,3,7,0
372014,0.007834965070574037,8,5,3,7,0
206307,0.007836501902879722,8,6,2,7,0
276643,0.007839755362171285,7,1,6,7,0
134841,0.007840047909144087,9,4,5,7,0
282104,0.007843675393221164,10,5,5,7,0
136057,0.007844744511091153,5,1,4,7,0
162408,0.007846787714374009,4,2,2,7,0
335211,0.007847681279753282,9,6,3,7,0
113462,0.007854380769364917,6,1,5,7,0
155924,0.00786073429674483,4,1,3,7,0
202517,0.007862291662676033,6,1,5,7,0
146592,0.007865445298481877,2,1,1,7,0
51807,0.007867518914745636,8,5,3,7,0
121956,0.007881498707948787,9,5,4,7,0
105726,0.007892272989613083,2,1,1,7,0
113485,0.007898329491560883,6,4,2,7,0
288733,0.007906176107482945,6,1,5,7,0
236337,0.007906696675971164,6,0,6,7,0
264559,0.00791093531683267,11,7,4,7,0
152010,0.007911287776575461,3,1,2,7,0
305538,0.007911683829638281,2,0,2,7,0
295091,0.007916651726688763,8,5,3,7,0
291423,0.00792428538194192,5,2,3,7,0
261462,0.00792920984549189,3,1,2,7,0
154050,0.007931837737023802,8,3,5,7,0
195623,0.007932185292077355,1,0,1,7,0
335357,0.007934545717442343,2,0,2,7,0
256135,0.007948995000898497,3,1,2,7,0
314547,0.00795845633985864,4,2,2,7,0
249717,0.007962105273612253,6,2,4,7,0
252910,0.007971537145115047,10,5,5,7,0
274958,0.007973380468382139,7,3,4,7,0
107730,0.0079791557802987,2,0,2,7,0
311107,0.007993900605934873,2,0,2,7,0
287467,0.008001160699257352,4,2,2,8,0
361313,0.008010962006697,7,3,4,8,0
341065,0.00801404956523743,4,1,3,8,0
375867,0.008017589865414225,4,1,3,8,0
226889,0.008020837637203026,5,4,1,8,0
306446,0.00802178003381424,11,8,3,8,0
187765,0.00802282263822659,3,1,2,8,0
304164,0.008023638441681373,2,1,1,8,0
272126,0.0080269428825173,8,5,3,8,0
360207,0.00803246526959296,5,3,2,8,0
116239,0.008038954927494464,2,0,2,8,0
102657,0.008054442529585091,10,5,5,8,0
352799,0.008073025885571891,5,3,2,8,0
181869,0.008073142267182799,11,7,4,8,0
339967,0.00808002544769483,7,1,6,8,0
183895,0.008080056846869335,4,0,4,8,0
254998,0.008082579101480166,4,0,4,8,0
325663,0.008089238050361455,5,0,5,8,0
357220,0.008094657796215909,3,0,3,8,0
203582,0.0081005971985894,6,2,4,8,0
378600,0.008104814443345916,7,3,4,8,0
200195,0.008109596084375337,8,3,5,8,0
333694,0.008131762704402985,3,1,2,8,0
139898,0.008134058375396129,3,0,3,8,0
374165,0.008137790677921556,2,1,1,8,0
116681,0.008138852641736598,4,1,3,8,0
143004,0.00813957598188465,11,6,5,8,0
143053,0.008139881843300716,2,2,0,8,0
350145,0.008140678092963668,3,0,3,8,0
308605,0.008140980731536056,2,0,2,8,0
174821,0.008151121882807604,5,2,3,8,0
191281,0.008152704444602274,8,2,6,8,0
294038,0.008156623930776177,5,1,4,8,0
279228,0.008162624254409724,6,4,2,8,0
151250,0.008166955523212314,8,3,5,8,0
146742,0.008180142099148325,5,0,5,8,0
90589,0.0081871885355575,4,3,1,8,0
353680,0.008191109380556226,3,2,1,8,0
188023,0.008193204367430809,10,7,3,8,0
209474,0.008197951507372153,5,2,3,8,0
251005,0.008202964080479817,10,5,5,8,0
172055,0.008209340611636248,1,0,1,8,0
100736,0.00821242511470963,5,3,2,8,0
169816,0.008212708617784703,3,1,2,8,0
153444,0.008214044219024575,4,1,3,8,0
326991,0.008220329381555024,3,1,2,8,0
204637,0.008222756447771384,6,0,6,8,0
155715,0.008223301329151242,3,1,2,8,0
213857,0.008230445266598427,9,5,4,8,0
142343,0.008238262549740048,6,0,6,8,0
123951,0.008243843670114225,4,2,2,8,0
238948,0.008248596347187729,3,0,3,8,0
362713,0.008251610159148685,15,7,8,8,0
54813,0.00825517686572352,5,3,2,8,0
386268,0.008259944094335406,1,1,0,8,0
344597,0.008263067591783142,7,4,3,8,0
248638,0.008276250705082651,4,1,3,8,0
308895,0.008298455584302838,4,1,3,8,0
359032,0.008299651719683646,3,0,3,8,0
352123,0.008308472396966995,3,0,3,8,0
173715,0.008314876736206397,2,0,2,8,0
137440,0.008318588881273604,2,1,1,8,0
165272,0.008322004596117987,5,2,3,8,0
394509,0.008329626952383918,8,2,6,8,0
151205,0.008333062880980536,5,3,2,8,0
163264,0.008335693873254014,7,2,5,8,0
220089,0.008336324692886915,3,0,3,8,0
230695,0.008353123326858902,4,1,3,8,0
223600,0.008355405067840523,5,2,3,8,0
221034,0.008361231792244225,3,0,3,8,0
337719,0.008368345411381725,6,3,3,8,0
138773,0.008369637175336073,8,3,5,8,0
256480,0.008373297050653681,4,0,4,8,0
99886,0.00838089058489618,8,3,5,8,0
397077,0.008382022546371643,5,2,3,8,0
107215,0.008391719620933588,9,3,6,8,0
122409,0.00840485912553455,9,5,4,8,0
228508,0.008405543200635659,3,2,1,8,0
210651,0.008411847567542687,5,0,5,8,0
311217,0.008417520832275607,11,5,6,8,0
156331,0.008421675508943724,8,5,3,8,0
213207,0.008422771112488524,5,1,4,8,0
343263,0.00842597649363978,7,3,4,8,0
336616,0.008426092386187583,3,1,2,8,0
155273,0.008428059762691436,8,3,5,8,0
122286,0.00843024766721906,8,3,5,8,0
309722,0.008431991965929394,5,0,5,8,0
204032,0.008437781526655036,6,2,4,8,0
111887,0.008438000251652757,4,1,3,8,0
182315,0.008458352679733713,14,5,9,8,0
398344,0.008463468882144278,5,3,2,8,0
172092,0.00846615086283185,6,1,5,8,0
161951,0.008474262463179082,6,3,3,8,0
330564,0.008475580355537072,3,2,1,8,0
157741,0.00848101215282618,9,4,5,8,0
178527,0.008487149241308486,2,1,1,8,0
193451,0.008493243484911844,4,2,2,8,0
322495,0.00850107719876209,11,4,7,8,0
350783,0.008502616501931045,6,2,4,8,0
291279,0.008506341911618703,5,1,4,8,0
156521,0.008511979788425009,7,2,5,8,0
176415,0.008527384722572211,4,1,3,8,0
387329,0.00852746310962098,6,2,4,8,0
284004,0.008528716227253253,8,2,6,8,0
373221,0.008529702429119683,7,3,4,8,0
199214,0.008535307822368663,1,0,1,8,0
116558,0.008535586136433454,5,1,4,8,0
273718,0.008536480297689806,8,2,6,8,0
257746,0.008536677130806757,5,3,2,8,0
158470,0.00853997556369594,9,2,7,8,0
258520,0.008540659641324645,2,1,1,8,0
83385,0.008547647572097439,7,1,6,8,0
230420,0.008558837645596652,5,3,2,8,0
136212,0.008572437620498514,3,2,1,8,0
306113,0.008584114571292696,1,0,1,8,0
364989,0.008584522734684756,6,4,2,8,0
185947,0.008587102721100321,2,2,0,8,0
157721,0.008594958402030119,12,5,7,8,0
182194,0.00859519151578464,7,3,4,8,0
181217,0.008597682406863151,5,1,4,8,0
230565,0.008603761903528183,5,2,3,8,0
162143,0.008622286431943448,8,3,5,8,0
246172,0.008629483135786492,4,2,2,8,0
206580,0.008631656924489523,10,2,8,8,0
132662,0.008633183031094581,3,0,3,8,0
138779,0.00863859247496303,4,1,3,8,0
194663,0.008643399149816483,5,3,2,8,0
113948,0.008649366257589611,9,3,6,8,0
350061,0.008650604466067269,5,1,4,8,0
197083,0.008659968091860154,4,1,3,8,0
326271,0.008663819055430039,10,5,5,8,0
249337,0.008668673092580991,6,0,6,8,0
160593,0.0086693982442627,3,1,2,8,0
158232,0.008679492609096612,6,0,6,8,0
155709,0.008687646000809896,10,4,6,8,0
188174,0.008690078781527626,8,5,3,8,0
250913,0.00869691545069406,7,2,5,8,0
322819,0.008699285755844686,5,2,3,8,0
342592,0.00870121821348316,8,2,6,8,0
298423,0.00870175897964276,7,2,5,8,0
386513,0.00870411901679068,3,0,3,8,0
166694,0.008704685370467181,5,1,4,8,0
116012,0.008718016781419749,5,1,4,8,0
284848,0.008719250762003658,10,3,7,8,0
345250,0.008720326696511124,3,2,1,8,0
259307,0.00872201653335042,5,2,3,8,0
230387,0.008722779204333286,7,2,5,8,0
379573,0.008737940455182402,9,5,4,8,0
379804,0.008741309054179995,7,2,5,8,0
197966,0.008756979830684032,5,3,2,8,0
108766,0.008764893582311889,5,1,4,8,0
136074,0.008775186501606656,8,4,4,8,0
182303,0.008775828582923919,1,0,1,8,0
205766,0.008777004976102697,7,5,2,8,0
202762,0.008779748889230376,16,4,12,8,0
108111,0.008783358991162078,7,1,6,8,0
162388,0.00878538318057382,12,6,6,8,0
316858,0.008786436464069904,5,1,4,8,0
342845,0.008790895325682778,4,2,2,8,0
153156,0.008792418416476246,7,2,5,8,0
387519,0.008792963026036564,5,1,4,8,0
396907,0.00879771970278359,8,5,3,8,0
186314,0.00879773937040343,6,1,5,8,0
338967,0.008806505107624152,4,0,4,8,0
133462,0.008808449491474309,13,8,5,8,0
376640,0.008818345586535128,9,2,7,8,0
198280,0.008818407501349667,6,1,5,8,0
77458,0.008834850239736304,6,4,2,8,0
197158,0.008845241725695275,4,0,4,8,0
111666,0.008846783255205985,9,4,5,8,0
93573,0.00886408731342072,8,2,6,8,0
123867,0.008866610519709812,7,4,3,8,0
376557,0.008867746224411178,7,4,3,8,0
348028,0.008911306938896234,9,2,7,8,0
382540,0.00891392343230913,4,0,4,8,0
369066,0.008915327953435448,4,0,4,8,0
251666,0.008915455221117682,7,1,6,8,0
292012,0.008919127168146699,7,2,5,8,0
390449,0.00892174437228144,7,2,5,8,0
219757,0.008927188519348584,7,4,3,8,0
273914,0.008928513711050494,5,0,5,8,0
213807,0.008929141258936136,13,10,3,8,0
336173,0.008930132620892862,3,0,3,8,0
207072,0.008932687017160094,2,0,2,8,0
177241,0.00893486566687645,8,2,6,8,0
185103,0.00893713452258256,12,6,6,8,0
145706,0.00894582144418029,9,2,7,8,0
233052,0.008947106897065817,10,3,7,8,0
118267,0.00895108620513393,1,0,1,8,0
279201,0.008960746109010364,18,10,8,8,0
168294,0.008961672460725495,5,2,3,8,0
232288,0.008962989597445238,6,0,6,8,0
254600,0.009006901018619597,3,0,3,9,0
169924,0.009014820174384623,11,2,9,9,0
107742,0.009021523201182836,5,2,3,9,0
188752,0.009021529352527358,10,3,7,9,0
117611,0.009026575931429146,5,1,4,9,0
134846,0.009031334914526016,6,1,5,9,0
379990,0.009043176313831749,7,2,5,9,0
338044,0.009046284791504575,4,3,1,9,0
336473,0.009048569789883974,11,5,6,9,0
280973,0.009049109134302884,10,3,7,9,0
338608,0.009049713315508969,5,1,4,9,0
252479,0.009056755319413582,3,1,2,9,0
397177,0.009057910436070241,6,1,5,9,0
212436,0.009064481267698033,7,4,3,9,0
224832,0.009072091890805958,9,2,7,9,0
108400,0.009073044491735684,9,1,8,9,0
290708,0.009084326832893888,11,2,9,9,0
399448,0.009085486299337878,4,1,3,9,0
77815,0.009091354301760918,2,0,2,9,0
250583,0.009094657574901388,7,2,5,9,0
191074,0.009094989990226085,4,0,4,9,0
230922,0.009098461542615524,10,5,5,9,0
205256,0.009100494029791273,11,6,5,9,0
332179,0.009103264378974588,5,4,1,9,0
215584,0.009105269268121873,11,6,5,9,0
269221,0.009106525724667806,4,1,3,9,0
154822,0.009108375760128896,7,1,6,9,0
113601,0.009108787744702546,9,4,5,9,0
112836,0.009109351266427748,3,1,2,9,0
160486,0.009116655313089889,4,0,4,9,0
256829,0.009133085843957878,8,2,6,9,0
164858,0.009148218741345884,11,3,8,9,0
266701,0.009148230134087318,4,1,3,9,0
253202,0.009148730623218762,8,4,4,9,0
162338,0.009151471572402347,10,2,8,9,0
119137,0.009159240166257533,8,2,6,9,0
111424,0.009166875298180876,10,4,6,9,0
291466,0.009169794056828414,4,1,3,9,0
226614,0.009174010110043273,9,3,6,9,0
62808,0.009176948831889391,2,0,2,9,0
101808,0.009177176579468415,4,2,2,9,0
110425,0.009179873956129929,6,1,5,9,0
147061,0.009180399081851772,5,0,5,9,0
130709,0.009181529220130262,9,4,5,9,0
129193,0.009183292924308261,12,2,10,9,0
365852,0.009193189073279082,13,5,8,9,0
170238,0.009194515675345336,8,4,4,9,0
275093,0.009204266542149502,9,3,6,9,0
338034,0.009208797707204269,4,1,3,9,0
269500,0.009219429131188188,10,6,4,9,0
162200,0.009232809672945324,10,6,4,9,0
238483,0.009233772186513237,10,2,8,9,0
131113,0.00923811632877729,3,0,3,9,0
301588,0.009242956871925008,5,1,4,9,0
257847,0.009244629076409092,7,3,4,9,0
138960,0.009245753593650787,9,2,7,9,0
295758,0.009268981142087877,2,1,1,9,0
197883,0.009269268463441126,3,0,3,9,0
151898,0.009271252172608742,9,3,6,9,0
128884,0.009271394066067466,9,3,6,9,0
399101,0.009273763990359715,3,0,3,9,0
177776,0.009278524427159434,13,12,1,9,0
379174,0.009288241452467353,5,2,3,9,0
296124,0.009289214478260473,7,2,5,9,0
153503,0.009291786423406901,4,0,4,9,0
51160,0.009301193682490957,14,5,9,9,0
331707,0.009310250154078036,5,0,5,9,0
288946,0.009313346305443459,5,1,4,9,0
364711,0.009330791494629198,6,3,3,9,0
320291,0.009334126185103013,5,2,3,9,0
150483,0.00933514640611665,4,3,1,9,0
187705,0.009338805019947922,9,5,4,9,0
361444,0.009343745275500207,3,0,3,9,0
391373,0.009350799144233769,4,1,3,9,0
284142,0.009352238508696688,13,8,5,9,0
151044,0.009353000536760058,7,0,7,9,0
158620,0.009356626128066108,7,5,2,9,0
297870,0.009357373049026087,10,4,6,9,0
224610,0.00935937627243094,9,3,6,9,0
181337,0.009363023672809247,14,7,7,9,0
135838,0.009366644647978213,2,1,1,9,0
107352,0.009373726131164174,3,2,1,9,0
309901,0.009377504519615812,5,2,3,9,0
102093,0.009386168237592862,8,5,3,9,0
209871,0.009391104669578043,5,2,3,9,0
192739,0.009407279797326112,18,5,13,9,0
335186,0.009408185535641708,6,0,6,9,0
230890,0.009426118821488761,7,3,4,9,0
123863,0.009428298902190898,4,2,2,9,0
145306,0.00942916370579777,6,2,4,9,0
361212,0.009429739100540084,6,2,4,9,0
205294,0.009429795644974967,8,2,6,9,0
90419,0.00943949166141564,3,1,2,9,0
117920,0.009444678102282784,0,0,0,9,0
147859,0.009454462580106501,12,7,5,9,0
252289,0.009454726497752503,9,3,6,9,0
233256,0.009457869990472996,11,7,4,9,0
150369,0.009461132675190836,8,2,6,9,0
159022,0.009461531241241125,1,0,1,9,0
152038,0.009468119340220987,8,1,7,9,0
319124,0.009469761477729214,6,2,4,9,0
192009,0.009480220937003332,5,3,2,9,0
310658,0.009481422610786296,8,4,4,9,0
246161,0.009483660005097838,7,3,4,9,0
133305,0.009487795147373442,13,2,11,9,0
317933,0.009490691735435751,2,1,1,9,0
226840,0.009491987680674894,8,1,7,9,0
172658,0.009493617220219129,6,0,6,9,0
183765,0.009496311814715833,3,1,2,9,0
246182,0.009498766335022106,7,4,3,9,0
157416,0.009500682103981669,11,3,8,9,0
285359,0.009506105557595809,6,3,3,9,0
193991,0.009518131700262063,6,0,6,9,0
245815,0.009534441661070777,2,0,2,9,0
174715,0.009537671727005244,17,8,9,9,0
343962,0.009545304212064485,9,5,4,9,0
175647,0.009554670745131198,16,8,8,9,0
226094,0.009565118486216212,3,0,3,9,0
235353,0.009570710505580327,5,2,3,9,0
321650,0.009571864424367863,3,2,1,9,0
235036,0.009576764908814425,2,0,2,9,0
266421,0.009591754356099644,1,0,1,9,0
199121,0.009592092836271039,3,0,3,9,0
238104,0.009592778181009409,10,1,9,9,0
327480,0.009602513145137374,2,1,1,9,0
226696,0.009609959846786847,14,5,9,9,0
166359,0.009610314072514604,1,0,1,9,0
284842,0.009613336945313569,5,3,2,9,0
163507,0.009617513227651272,8,3,5,9,0
328522,0.009625330201153297,9,2,7,9,0
348430,0.009628996541380374,12,6,6,9,0
106709,0.009630225205250104,2,0,2,9,0
316358,0.009635137828347785,10,4,6,9,0
251374,0.009635370849634674,10,5,5,9,0
191588,0.009636464013113159,6,1,5,9,0
267473,0.009638192391792269,8,6,2,9,0
271383,0.009638913206650153,10,4,6,9,0
106150,0.009642836791867192,6,1,5,9,0
222529,0.009643259474826076,5,2,3,9,0
295038,0.009644005376285854,15,6,9,9,0
278409,0.00964536533237777,5,2,3,9,0
213017,0.009649205790453634,9,2,7,9,0
191891,0.009651670081558272,7,3,4,9,0
196234,0.009658689859634802,10,3,7,9,0
182070,0.009665393334838467,5,1,4,9,0
157021,0.0096700388684898,3,0,3,9,0
148436,0.009673367372543425,9,3,6,9,0
192489,0.009676182073561005,7,0,7,9,0
190825,0.009678095334056001,3,1,2,9,0
135538,0.009678569335402431,3,1,2,9,0
269673,0.00967915806327451,10,5,5,9,0
195915,0.009681320461868006,9,5,4,9,0
122911,0.009684653511119943,4,2,2,9,0
377933,0.009688415487699269,6,2,4,9,0
163753,0.009688742368329005,7,2,5,9,0
157779,0.009691444044432583,8,2,6,9,0
317242,0.00969446473089211,4,0,4,9,0
344145,0.009700660053488026,6,1,5,9,0
240439,0.009702504962657298,5,2,3,9,0
332013,0.009705636921350172,2,1,1,9,0
37098,0.00971272595868937,10,4,6,9,0
222481,0.009718545678918347,3,1,2,9,0
173587,0.009722291364372828,5,3,2,9,0
238390,0.009722569699387399,5,0,5,9,0
297439,0.009739184738232832,3,1,2,9,0
361329,0.00974083756880278,7,3,4,9,0
217710,0.009743411287388199,8,4,4,9,0
284557,0.009746557024131967,8,4,4,9,0
124003,0.009757843812057302,10,7,3,9,0
319580,0.009772719380352566,2,0,2,9,0
128175,0.009779504904659606,3,0,3,9,0
262125,0.0097813292714066,10,6,4,9,0
115796,0.009785837683564334,6,3,3,9,0
174314,0.009792168978762063,11,5,6,9,0
167471,0.009793299085601429,12,5,7,9,0
143570,0.009814823952524594,3,0,3,9,0
185970,0.009819029255866476,9,5,4,9,0
109759,0.009827170703598979,7,2,5,9,0
282260,0.00982755555437872,9,2,7,9,0
140519,0.009830892400345563,2,0,2,9,0
227393,0.009844475705655158,4,1,3,9,0
191747,0.009848962884006373,14,7,7,9,0
346726,0.00985633045296411,4,1,3,9,0
130758,0.009866624075095927,12,5,7,9,0
392542,0.00986861315145644,7,1,6,9,0
175456,0.009875095358897324,5,2,3,9,0
225209,0.009881089833609661,5,2,3,9,0
211360,0.009889260802805881,5,2,3,9,0
103611,0.00989052458345947,2,0,2,9,0
388883,0.009893767697786554,5,1,4,9,0
126227,0.009908308793295314,6,3,3,9,0
244156,0.009915420109214427,2,1,1,9,0
135182,0.009918725698624696,11,5,6,9,0
100417,0.009918962261587526,7,3,4,9,0
297072,0.00992337955729596,10,4,6,9,0
287032,0.009925097417105275,12,7,5,9,0
195534,0.00992588218274624,3,0,3,9,0
218354,0.009930019077779602,9,4,5,9,0
160278,0.009930693751596829,6,2,4,9,0
281203,0.00994001682896635,3,1,2,9,0
195605,0.009940331889474604,6,2,4,9,0
363169,0.009943528313337011,4,1,3,9,0
95876,0.009948204415837925,6,2,4,9,0
180816,0.009952569442271995,8,2,6,9,0
350914,0.009959278079378459,9,4,5,9,0
215449,0.009968350681903448,11,7,4,9,0
286916,0.009976522824565813,11,5,6,9,0
177852,0.009977540918573544,7,4,3,9,0
105795,0.010006430330435929,7,2,5,10,0
213869,0.010032636875122045,7,5,2,10,0
309822,0.010032812423714954,3,0,3,10,0
142701,0.010045493954038122,7,1,6,10,0
269252,0.010046258002964851,10,4,6,10,0
147195,0.010047317557979867,4,2,2,10,0
164783,0.010052556722303931,2,0,2,10,0
106210,0.010061799372360073,3,1,2,10,0
154614,0.010070350097350887,6,2,4,10,0
291815,0.010076771186702263,4,0,4,10,0
277710,0.01007989028841833,15,2,13,10,0
247092,0.010088541705359028,6,1,5,10,0
176587,0.010090370565820787,11,5,6,10,0
366098,0.010098075420748512,7,3,4,10,0
383489,0.010102862216082835,11,5,6,10,0
108948,0.010104790025757364,20,8,12,10,0
305093,0.010111652372094224,4,0,4,10,0
333438,0.010118690279618037,11,4,7,10,0
155799,0.010120270227716456,9,5,4,10,0
142192,0.010130184658450081,3,0,3,10,0
269595,0.0101375127885649,6,4,2,10,0
145919,0.010137996623804787,4,2,2,10,0
174863,0.010140489704801421,10,4,6,10,0
128648,0.010162054212706682,7,3,4,10,0
150246,0.010163889605259843,7,0,7,10,0
322000,0.01017051565796559,8,3,5,10,0
162053,0.010179430650633037,3,0,3,10,0
265843,0.010185997544555812,2,0,2,10,0
247099,0.010189756322734219,10,2,8,10,0
62683,0.010194036335430963,10,4,6,10,0
249580,0.01019471480542387,11,7,4,10,0
190915,0.010204037526679246,7,2,5,10,0
194202,0.010209309557241454,14,6,8,10,0
388621,0.010212687750288248,8,3,5,10,0
199399,0.010213697067482512,8,1,7,10,0
287104,0.010217776175347528,3,1,2,10,0
113916,0.010227225328440457,3,0,3,10,0
178491,0.010227588482605937,1,0,1,10,0
116339,0.010231111724198893,9,2,7,10,0
122993,0.01023845736630009,11,6,5,10,0
163554,0.010251854200267061,3,1,2,10,0
260621,0.010253643664553929,8,1,7,10,0
273650,0.01026277834405657,9,3,6,10,0
176925,0.010269654837975383,8,3,5,10,0
139617,0.010272820300980177,5,2,3,10,0
62167,0.010281362264752921,7,2,5,10,0
253145,0.010290419479409582,2,0,2,10,0
235771,0.01030042811370939,5,1,4,10,0
207585,0.010300669833464199,7,3,4,10,0
177734,0.010301385949310729,9,2,7,10,0
382459,0.010317620388918628,2,0,2,10,0
166913,0.010320407798507496,7,1,6,10,0
344835,0.010327952329304262,4,1,3,10,0
298680,0.010331511107700819,3,0,3,10,0
326405,0.01033472030197398,14,7,7,10,0
145491,0.010343111718438113,5,0,5,10,0
205799,0.010343789492064468,1,0,1,10,0
113593,0.010349034708773311,7,3,4,10,0
138014,0.01034983683560893,2,0,2,10,0
132038,0.01035083182822538,2,0,2,10,0
218323,0.01035458349525363,7,3,4,10,0
195506,0.010355386679255695,12,3,9,10,0
91512,0.010363960962254923,11,5,6,10,0
113348,0.010367464120307687,11,6,5,10,0
219727,0.010369312883364824,5,1,4,10,0
339395,0.010379195839248578,0,0,0,10,0
150806,0.010383250650598239,10,3,7,10,0
232267,0.010385713208889608,4,1,3,10,0
130237,0.010385726092935385,3,1,2,10,0
139884,0.010386804296855569,9,3,6,10,0
346259,0.01039171829735206,5,1,4,10,0
275451,0.010396314896403804,10,3,7,10,0
148634,0.010413571063788275,7,4,3,10,0
250539,0.01041398564698889,12,7,5,10,0
267542,0.010420900145907757,15,4,11,10,0
177327,0.010422884908920687,4,1,3,10,0
188837,0.010426213146651458,6,0,6,10,0
269692,0.01043155415167104,8,3,5,10,0
386636,0.010431914113187373,9,4,5,10,0
137135,0.010433539496376742,7,2,5,10,0
388510,0.0104557542020146,10,5,5,10,0
270772,0.010457473154891508,4,3,1,10,0
196701,0.01046017229698832,12,5,7,10,0
259367,0.010461656239713879,8,1,7,10,0
209308,0.010465045496218227,2,0,2,10,0
239406,0.010475233378613105,6,2,4,10,0
235675,0.01047693110455338,4,1,3,10,0
380784,0.010479250111014067,8,1,7,10,0
206731,0.010481497028324046,8,3,5,10,0
205742,0.010481594178924603,11,7,4,10,0
242811,0.0104910108623431,4,1,3,10,0
321334,0.010491842707033554,8,4,4,10,0
346562,0.010493863233266704,4,0,4,10,0
156167,0.010497159262160162,2,0,2,10,0
378376,0.010516639082465949,8,1,7,10,0
312569,0.010520683616018892,3,0,3,10,0
212568,0.01052335595130559,8,2,6,10,0
344165,0.010535261143177127,19,13,6,10,0
347917,0.010543783377893972,3,1,2,10,0
163535,0.010552333683926291,6,4,2,10,0
130129,0.01056035197871427,17,9,8,10,0
196156,0.010561252171339443,7,5,2,10,0
224005,0.010565137097483824,13,8,5,10,0
246662,0.010571353797969897,8,4,4,10,0
347448,0.010580356025637871,8,4,4,10,0
378406,0.010581036071089678,14,6,8,10,0
170375,0.01058823808243373,15,4,11,10,0
136539,0.010591395607369391,5,2,3,10,0
102261,0.0105967645794464,2,0,2,10,0
166362,0.010617315443479863,4,1,3,10,0
152513,0.010618780258475305,17,7,10,10,0
196495,0.010622775906847397,12,3,9,10,0
318981,0.01062827786053647,13,7,6,10,0
308394,0.010629326420628651,5,2,3,10,0
239773,0.010642306384790232,11,7,4,10,0
102905,0.010656042598103902,6,2,4,10,0
160465,0.010656725815851425,20,7,13,10,0
341502,0.010676345457483864,8,5,3,10,0
213174,0.010686586977012125,7,2,5,10,0
344803,0.010689228200581652,12,5,7,10,0
192793,0.010690730818305013,2,0,2,10,0
159094,0.010691645267712796,11,6,5,10,0
220662,0.010708759996278043,15,4,11,10,0
274788,0.010710676833522649,13,7,6,10,0
390984,0.010716824447089907,14,7,7,10,0
126233,0.010718894258790137,13,3,10,10,0
152337,0.010719017733634914,5,2,3,10,0
265657,0.0107193321809568,5,0,5,10,0
393980,0.010721515514681547,13,7,6,10,0
217117,0.010724524457057058,18,11,7,10,0
141471,0.010731981310009756,3,3,0,10,0
141503,0.01075661420233975,2,2,0,10,0
288440,0.010771239579689347,12,7,5,10,0
328555,0.010771427662623474,6,0,6,10,0
317854,0.010773598261183598,7,1,6,10,0
257194,0.010782560344469054,16,7,9,10,0
158057,0.010785472862643584,8,4,4,10,0
200233,0.010785696782201044,14,7,7,10,0
199888,0.010799299953344449,6,1,5,10,0
241307,0.010803380005808591,6,0,6,10,0
131227,0.010804289172289858,5,0,5,10,0
120336,0.010812539667485917,4,2,2,10,0
292584,0.010814045705387399,9,4,5,10,0
160236,0.010827597098190509,1,1,0,10,0
176493,0.01084899199917831,4,1,3,10,0
364932,0.010858037419497575,7,2,5,10,0
183076,0.01085857481480631,4,2,2,10,0
269641,0.010860051268556627,7,3,4,10,0
340616,0.010860499761500017,9,2,7,10,0
130081,0.01086210245197425,7,4,3,10,0
158103,0.010868484989411084,9,3,6,10,0
324707,0.010873803796546504,8,2,6,10,0
181731,0.010878540685142444,8,3,5,10,0
195502,0.010879807553761826,5,2,3,10,0
148464,0.010881782977957584,10,2,8,10,0
321858,0.010884228736385355,4,1,3,10,0
310477,0.010890039099471378,5,3,2,10,0
126761,0.010890296985708047,7,4,3,10,0
137092,0.010892653345572243,4,0,4,10,0
201650,0.01089548578677032,6,0,6,10,0
158413,0.010899491658693835,7,3,4,10,0
242475,0.010900178502610047,11,6,5,10,0
318595,0.010902431848077302,12,7,5,10,0
327933,0.010912954010383401,13,1,12,10,0
187951,0.01091492058754862,5,0,5,10,0
296028,0.010921650909215111,10,5,5,10,0
291049,0.010921666850592796,4,1,3,10,0
317848,0.010922745833686168,17,11,6,10,0
187057,0.010922837495905384,15,5,10,10,0
257025,0.010923774383735907,14,7,7,10,0
217427,0.01092904914510685,4,1,3,10,0
333932,0.010932426494725103,5,2,3,10,0
143741,0.010933040423880356,12,3,9,10,0
169140,0.0109335678772157,6,1,5,10,0
218399,0.010934034778977494,5,1,4,10,0
113143,0.010940053535852378,7,2,5,10,0
364430,0.010940111256238436,10,7,3,10,0
321260,0.010944968006405266,5,0,5,10,0
330128,0.010945384475863651,8,2,6,10,0
159054,0.010945452046235205,7,3,4,10,0
126051,0.010945652018884163,5,2,3,10,0
194526,0.010948815477309472,3,0,3,10,0
267090,0.010954207098179162,7,0,7,10,0
382837,0.010957246776745323,4,3,1,10,0
318077,0.01095877652598499,11,4,7,10,0
145492,0.010963201293498204,11,4,7,10,0
192836,0.010968460377561797,6,2,4,10,0
287878,0.010970669523400598,12,3,9,10,0
258602,0.010975479748410632,7,2,5,10,0
367105,0.01097618123998138,6,1,5,10,0
287868,0.010976437352391717,5,2,3,10,0
241174,0.010980691960449852,8,1,7,10,0
190108,0.010982035260552412,6,1,5,10,0
244231,0.01098599640441759,9,3,6,10,0
142870,0.01099598464540593,16,9,7,10,0
270266,0.01099673944153169,14,4,10,10,0
291249,0.010999770571741669,7,0,7,10,0
291170,0.011005170589068239,9,1,8,11,0
105844,0.011014352211885705,9,5,4,11,0
197868,0.011020742765252771,3,0,3,11,0
281669,0.011023095834625076,3,0,3,11,0
221447,0.011026146910349201,4,0,4,11,0
254865,0.011027740409128742,5,1,4,11,0
199593,0.011035204260879184,3,0,3,11,0
145365,0.011040742168473745,5,1,4,11,0
168940,0.011040920798325162,5,3,2,11,0
206032,0.011045762132842552,7,2,5,11,0
340443,0.011056473473082773,8,2,6,11,0
170310,0.011056642341350082,6,0,6,11,0
397737,0.011057856254944657,2,1,1,11,0
376259,0.011066593044357654,7,3,4,11,0
229072,0.011067764864952175,3,1,2,11,0
233733,0.01107461229256328,7,1,6,11,0
331245,0.01108902641295062,1,0,1,11,0
264183,0.01108987257086146,7,3,4,11,0
196806,0.011103053510541042,12,6,6,11,0
168452,0.011105847158791317,5,2,3,11,0
333381,0.01110772119021548,6,1,5,11,0
259474,0.011109662410820348,10,3,7,11,0
317546,0.011128511909791966,10,5,5,11,0
353352,0.011132140672581031,3,0,3,11,0
153499,0.011137696025514336,3,1,2,11,0
317953,0.0111408791671091,13,9,4,11,0
334552,0.011144453766540057,4,1,3,11,0
293609,0.011145399461008669,3,2,1,11,0
124275,0.01114892175996091,11,7,4,11,0
329359,0.011149877936554765,8,3,5,11,0
141921,0.011160091212287261,6,3,3,11,0
182294,0.011165454868134677,4,0,4,11,0
182412,0.011166255996541,3,0,3,11,0
288225,0.011188649261685021,3,1,2,11,0
297187,0.011191913221334903,9,3,6,11,0
355643,0.011195054597852085,7,3,4,11,0
144861,0.011196476038989808,7,0,7,11,0
346425,0.01119648212730426,8,2,6,11,0
217738,0.011198204628464848,6,1,5,11,0
299203,0.011199152689146435,11,6,5,11,0
205148,0.011200185336606236,11,7,4,11,0
55194,0.011200907473538083,2,0,2,11,0
334615,0.011208565144583257,6,1,5,11,0
355424,0.011209852648597208,8,5,3,11,0
306080,0.011210668411798437,4,2,2,11,0
209853,0.011211580556436538,4,0,4,11,0
254137,0.011211923624561913,4,1,3,11,0
257454,0.011214711478548817,12,6,6,11,0
136661,0.011220144877048319,5,3,2,11,0
170782,0.011220450903638638,11,3,8,11,0
360620,0.011224451182510826,6,2,4,11,0
270950,0.011234491362973349,7,2,5,11,0
311072,0.011245669859761023,5,1,4,11,0
89977,0.011246483504683347,15,6,9,11,0
234870,0.011250767922481999,5,3,2,11,0
315466,0.011254237412783624,8,1,7,11,0
160533,0.011256260394506704,6,1,5,11,0
208163,0.011259036135487717,10,2,8,11,0
352898,0.011260598284454694,2,0,2,11,0
295554,0.011263038954158524,6,2,4,11,0
345019,0.011263239235943696,8,3,5,11,0
329444,0.011263457977108439,6,2,4,11,0
327439,0.011269756160669301,8,4,4,11,0
335646,0.011274723481725198,9,5,4,11,0
113843,0.011279373784105831,6,2,4,11,0
225935,0.01128733856791513,6,2,4,11,0
267795,0.011288189215771014,11,7,4,11,0
206300,0.011293948447924744,7,2,5,11,0
170210,0.011301226667333276,9,4,5,11,0
313214,0.011310640528507413,11,0,11,11,0
380165,0.011315761759494544,6,2,4,11,0
314886,0.011320011867954758,11,6,5,11,0
388890,0.011321732327008529,7,2,5,11,0
123702,0.011323920523124757,3,0,3,11,0
74287,0.011325382099383611,7,2,5,11,0
341119,0.01132961252536055,8,2,6,11,0
244937,0.011333294378849959,6,3,3,11,0
188337,0.011339133070462378,9,6,3,11,0
122790,0.011341726027522503,7,3,4,11,0
233471,0.011352084555912002,9,2,7,11,0
214707,0.011355860475732782,8,2,6,11,0
187049,0.011356398238500766,4,0,4,11,0
109714,0.011358249108706593,11,3,8,11,0
366784,0.011360040955856415,6,2,4,11,0
146750,0.011363037955140052,8,5,3,11,0
336960,0.011363772953234007,10,7,3,11,0
163806,0.011365582334210481,10,2,8,11,0
286071,0.011371071610101632,11,5,6,11,0
196403,0.011378244393840496,11,2,9,11,0
360214,0.011385761362416966,6,4,2,11,0
377137,0.01138598841931478,5,0,5,11,0
228826,0.01139637423975261,10,2,8,11,0
146237,0.0113966390537298,10,4,6,11,0
80944,0.011403621699282936,3,1,2,11,0
192882,0.011425798151334788,11,3,8,11,0
165508,0.011432892352249648,4,0,4,11,0
169035,0.011443055349018303,12,7,5,11,0
247900,0.011444078391734109,8,3,5,11,0
333177,0.011445363928011588,11,6,5,11,0
340111,0.011453075734847662,5,1,4,11,0
109880,0.01145328660517205,6,1,5,11,0
171948,0.011454065174777489,5,3,2,11,0
188996,0.011457247669841837,8,3,5,11,0
355738,0.011459821684788658,14,8,6,11,0
148139,0.011474874155107884,6,2,4,11,0
100600,0.011475259067298675,8,2,6,11,0
161637,0.011477643344236798,3,0,3,11,0
329253,0.011477748222171603,6,1,5,11,0
364832,0.01147977064443241,5,3,2,11,0
249521,0.011487949508205541,18,11,7,11,0
228511,0.011490847788214305,11,3,8,11,0
165852,0.011493892639051068,8,5,3,11,0
166699,0.011493894023415533,14,5,9,11,0
147948,0.011518089818544007,12,4,8,11,0
127892,0.01152580268306474,3,0,3,11,0
388072,0.011529449512204911,8,3,5,11,0
249764,0.011534971772136277,5,1,4,11,0
344590,0.011539006778280046,14,4,10,11,0
205154,0.011548449379735436,12,5,7,11,0
380105,0.011554246017455685,4,0,4,11,0
358471,0.011556480274306384,9,3,6,11,0
209125,0.011561670406108853,3,0,3,11,0
140652,0.011565752154206431,5,0,5,11,0
375433,0.011568753894282956,12,5,7,11,0
349173,0.01157616405282558,6,3,3,11,0
291361,0.011576916568871849,7,4,3,11,0
226139,0.011577620046056425,21,15,6,11,0
318441,0.011584796361831958,1,0,1,11,0
239457,0.011591858237162302,13,7,6,11,0
268211,0.011603368506184398,9,3,6,11,0
396791,0.011603383390268267,13,7,6,11,0
304131,0.011612035818534193,10,5,5,11,0
398310,0.0116145759858351,9,5,4,11,0
180204,0.011623185509345714,9,3,6,11,0
274641,0.011628563816672276,4,2,2,11,0
122837,0.011632881414991447,11,2,9,11,0
383358,0.011638598704859518,8,2,6,11,0
303001,0.011639757512571201,5,2,3,11,0
246635,0.011654874171924158,3,1,2,11,0
291942,0.011655736565963542,8,2,6,11,0
264527,0.011674710631930782,6,2,4,11,0
273545,0.011675348606529806,11,7,4,11,0
366460,0.01168460753766267,4,1,3,11,0
172233,0.01168670104119519,8,3,5,11,0
292104,0.01169353824259483,4,0,4,11,0
228170,0.011694794113453795,6,0,6,11,0
344017,0.011695099822318117,3,1,2,11,0
41974,0.01169544047906603,4,1,3,11,0
190355,0.0116993867728907,8,3,5,11,0
258347,0.011700963602787419,11,6,5,11,0
143368,0.011701072345431541,4,0,4,11,0
380684,0.011702903861133077,5,2,3,11,0
337496,0.011704942350826284,12,2,10,11,0
270365,0.011706882166469484,6,4,2,11,0
277148,0.011712357008869956,7,2,5,11,0
168766,0.01173070078233478,11,5,6,11,0
135651,0.011732807046607546,9,1,8,11,0
102170,0.011737486698448629,1,0,1,11,0
128282,0.011739343712472526,6,1,5,11,0
130101,0.011740083071869337,10,3,7,11,0
293610,0.011754715657614405,9,6,3,11,0
279221,0.011758961646605412,8,2,6,11,0
278709,0.011760366056092108,6,3,3,11,0
170869,0.011763561483545862,6,3,3,11,0
261206,0.011764313132731716,9,6,3,11,0
134148,0.011777876858436918,12,7,5,11,0
103136,0.011778364295759975,5,0,5,11,0
322534,0.011792875385983384,6,3,3,11,0
390860,0.01180129818696133,5,0,5,11,0
326206,0.011802407711548633,6,1,5,11,0
275845,0.011803096716556227,9,1,8,11,0
257833,0.011807274989853001,1,0,1,11,0
113651,0.011808727090584122,6,1,5,11,0
322787,0.011816377696442566,9,3,6,11,0
247939,0.011816381480500567,10,3,7,11,0
276393,0.011819099557745244,11,1,10,11,0
221084,0.011835984726973923,5,1,4,11,0
239115,0.011842877739066959,6,3,3,11,0
165870,0.01184926395983533,9,3,6,11,0
176566,0.011860190706074561,4,1,3,11,0
296662,0.01187286002998359,8,3,5,11,0
183553,0.011874197499615255,3,1,2,11,0
323563,0.01187695276982781,8,5,3,11,0
363267,0.011878090455455967,2,0,2,11,0
123480,0.01187914513402836,7,2,5,11,0
160654,0.011884995916499552,10,6,4,11,0
163985,0.011887769031067384,8,3,5,11,0
242686,0.011896652155373603,5,1,4,11,0
377652,0.011896707100678954,10,5,5,11,0
151435,0.011900633880570525,6,1,5,11,0
291959,0.011901267594482071,8,3,5,11,0
177411,0.011906957080326349,9,2,7,11,0
130968,0.01192104287940391,2,0,2,11,0
309856,0.011931264373130556,6,2,4,11,0
323896,0.011945523082908523,4,2,2,11,0
225237,0.011948048350504491,7,2,5,11,0
119361,0.011954578575873873,13,8,5,11,0
81317,0.011957678832672795,14,6,8,11,0
191338,0.011962421966943696,10,1,9,11,0
356516,0.011984626233815274,1,0,1,11,0
232172,0.011993396069122437,7,4,3,11,0
345625,0.011994454880834378,10,4,6,11,0
282184,0.011999519807915419,4,1,3,11,0
