Edep_bin_keV,PE_count,PE_mean,PE_std,SignalPE_count,SignalPE_mean,SignalPE_std,PE_resolution,SignalPE_resolution
1.0,195,2.2512820512820513,1.6817504066734412,195,0.9538461538461539,0.7617959497088858,0.7470189733515286,0.7986570440496382
3.0,383,3.206266318537859,2.345043207739733,383,1.443864229765013,1.2048582729756974,0.7313937691891839,0.8344678454786475
5.0,421,4.0997624703087885,2.588348423704377,421,2.2541567695961997,1.452260328274191,0.6313410697448103,0.6442587968423966
7.0,397,5.425692695214106,3.182598651739261,397,3.1612090680100757,1.7821240729058956,0.5865792315415443,0.5637476150945343
9.0,400,6.4475,3.264027948121046,400,4.0875,2.0774101261138114,0.5062470644623569,0.5082348932388528
11.0,400,7.505,3.7463399013759533,400,4.765,2.258878334112043,0.4991792007163162,0.4740563135597153
13.0,422,8.914691943127963,3.842174052384737,422,5.798578199052133,2.395502093031514,0.43099347424411455,0.4131188734202284
15.0,383,9.806788511749348,3.9657243351342593,383,6.595300261096606,2.4751495488532433,0.4043856284229023,0.3752898959662677
17.0,388,10.832474226804123,4.0411676187518175,388,7.530927835051546,2.6170919350166417,0.37306044160735313,0.34751254989269575
19.0,417,12.06714628297362,4.348994110069045,417,8.39568345323741,2.8180872836054625,0.36039955164920345,0.33565906805583484
21.0,397,12.967254408060453,4.838965972717011,397,9.171284634760704,3.2358287171851794,0.37316812182763276,0.35282175246430003
23.0,434,14.638248847926267,5.094534740710466,434,10.182027649769585,3.19591967618101,0.3480289748887679,0.3138785108537131
25.0,407,15.761670761670763,4.967352047544199,407,11.002457002457003,3.2021381184375244,0.31515390231496315,0.2910384578392301
27.0,405,16.62469135802469,5.325297622515169,405,11.698765432098766,3.4444852547353473,0.3203246007899367,0.2944315171312401
29.0,405,17.965432098765433,5.531976364598104,405,12.587654320987655,3.538381584375249,0.30792336828782735,0.28109936086150955
31.0,376,18.944148936170212,5.6032912061060625,376,13.39627659574468,3.723781156202761,0.2957795161443043,0.2779713549200394
33.0,364,20.178571428571427,5.8886342542697365,364,14.502747252747254,3.7961112669901858,0.2918261223354914,0.26175118416071746
35.0,386,21.497409326424872,6.14383809338519,386,15.580310880829016,4.096248002173436,0.28579434852334096,0.2629118272096685
37.0,346,23.19364161849711,6.533309526330634,346,16.65028901734104,4.095485308999028,0.28168537023182544,0.24597082397390446
39.0,637,24.55259026687598,6.378458271023504,637,17.74568288854003,4.210797857579421,0.25978759070600843,0.2372857603749196
41.0,1542,25.846952010376135,6.691878167097512,1542,18.669260700389106,4.254502745647014,0.2589039575889292,0.22788812122369373
43.0,369,26.476964769647697,6.811525997492507,369,19.273712737127372,4.364927851123849,0.25726234320109875,0.22647052545904112
45.0,348,27.448275862068964,6.557673413053496,348,19.95402298850575,4.319803725867366,0.2389102122846123,0.21648785953367555
47.0,372,28.411290322580644,7.37155467161925,372,20.669354838709676,4.903469986803832,0.2594586373206889,0.23723381910404806
49.0,3322,29.922335942203492,7.210517149616722,3322,21.849187236604454,4.675415814653204,0.2409744066621069,0.21398580020497834
51.0,2035,30.74250614250614,7.2818342293472895,2035,22.423095823095824,4.837309649911012,0.23686534193382036,0.21572889346209614
53.0,388,31.420103092783506,7.487892586693612,388,23.128865979381445,4.86817346882386,0.23831534112354372,0.21048042187471114
55.0,355,33.304225352112674,7.476355131397106,355,24.428169014084506,4.927416184354579,0.22448668456787388,0.20171041806340814
57.0,331,33.92749244712991,7.459843978125355,331,24.921450151057403,4.956158612647467,0.21987607807297352,0.19887119660398977
59.0,347,35.52449567723343,7.853525732795107,347,26.187319884726225,5.345524898252786,0.22107353202562682,0.20412645974399876
61.0,304,36.86842105263158,7.496255796332177,304,27.039473684210527,5.09433332883821,0.2033245683516222,0.18840356836579267
63.0,313,38.412140575079874,8.065007087009203,313,28.15335463258786,5.250958086459623,0.20995984514961993,0.18651269644369747
65.0,311,39.643086816720256,8.162736463334944,311,28.958199356913184,5.574844592551111,0.20590567281183939,0.19251350969169392
67.0,325,40.12,7.84422410770191,325,29.664615384615384,5.269421184545127,0.19551904555588012,0.1776332211365176
69.0,343,41.690962099125365,8.387062227881037,343,30.626822157434404,5.496472349865949,0.20117219189952418,0.1794659701098544
71.0,327,42.91743119266055,8.635205910170791,327,31.776758409785934,6.155625728564626,0.20120509709461656,0.1937147159311551
73.0,317,43.36593059936909,8.691905162252908,317,32.04731861198738,5.81744708374866,0.20043165319227263,0.1815267964906315
75.0,366,45.00273224043716,8.878324732102127,366,33.27322404371585,5.840969518798219,0.197284126765186,0.17554564328133912
77.0,321,46.06853582554517,8.806689966269609,321,34.046728971962615,5.719019547041193,0.19116496342795136,0.1679755947113389
79.0,341,47.551319648093845,9.403120868995373,341,35.21114369501466,5.859330832591858,0.1977467910161839,0.16640558123709698
81.0,315,48.352380952380955,9.891430653043438,315,36.20634920634921,6.7052568267990535,0.20456967078384103,0.1851956072285578
83.0,304,49.85526315789474,8.919817292107432,304,37.026315789473685,5.75684109430653,0.17891425552920687,0.1554797168327279
85.0,298,50.7751677852349,9.4444924968969,298,37.741610738255034,5.987389673908352,0.18600613072997663,0.15864160423443485
87.0,347,52.76657060518732,9.310956349777241,347,38.86743515850144,6.26899472385023,0.17645559002581665,0.16129170083606656
89.0,331,53.453172205438065,10.02784368633298,331,39.60725075528701,6.465512845717914,0.1876005346846898,0.16324063706579933
91.0,332,54.325301204819276,10.273726127821634,332,40.48192771084337,6.560637810315562,0.18911494092020306,0.16206337448100944
93.0,358,56.03351955307262,9.63879848931099,358,41.667597765363126,6.079179726400377,0.17201843764572952,0.1458970531642646
95.0,319,56.44514106583072,9.646713842119292,319,41.78683385579937,6.268997467871837,0.17090423834477697,0.1500232702363928
97.0,275,58.06909090909091,10.287773068938815,275,43.16,6.870799313884726,0.17716435556128587,0.1591936819713792
99.0,325,59.15384615384615,9.709405471288544,325,44.05230769230769,6.069075317844985,0.16413819392295328,0.13776974773343717
101.0,279,60.064516129032256,10.329262530466538,279,44.333333333333336,7.001027673792521,0.17196946210765987,0.15791791745396663
103.0,261,62.79693486590038,10.996544483100962,261,46.440613026819925,6.801676688626037,0.1751127583947133,0.1464596663420011
105.0,280,62.55,10.148238189521098,280,46.525,6.431281359753701,0.16224201741840286,0.13823280730260507
107.0,43568,64.36572713918473,10.430933891231195,43568,47.90984208593463,6.9004706727935385,0.16205726797236825,0.14403033640595903
109.0,335,63.87761194029851,9.668453252308385,335,47.788059701492536,6.668352335523112,0.15135902796968592,0.13954013569868465
111.0,235,66.31063829787234,10.108455334468976,235,49.62127659574468,6.7296047105249786,0.1524409294487717,0.1356193385621619
113.0,245,65.31428571428572,9.890548560098784,245,49.09795918367347,6.4628982039831415,0.15143009606450455,0.13163272591037242
115.0,248,67.25403225806451,10.627859647131078,248,50.61290322580645,7.295619757807825,0.15802561259598943,0.14414545091908387
117.0,269,69.66914498141264,10.223902689605078,269,52.0817843866171,6.834449814489115,0.14674936361473592,0.13122533905050476
119.0,269,71.07063197026022,10.828317283684399,269,52.74349442379182,7.33914599002104,0.15235994085736496,0.13914789056355087
121.0,265,72.52075471698113,11.167141981469802,265,53.9811320754717,7.3995561036951685,0.1539854628519876,0.1370767121621265
123.0,266,73.34210526315789,11.656704026382807,266,55.090225563909776,7.886897322958576,0.15893604341677312,0.1431632788253706
125.0,226,74.70796460176992,10.99226509136044,226,55.61946902654867,7.697986558194776,0.1471364552622281,0.13840453159522828
127.0,246,75.1829268292683,12.208857322165395,246,55.8780487804878,7.943767024815716,0.16238869430941805,0.1421625700643581
129.0,277,77.06859205776173,11.285442840755772,277,57.581227436823106,7.220999565144993,0.1464337486832185,0.12540544699342715
131.0,229,77.34497816593887,11.91559252763407,229,57.532751091703055,7.762088581862821,0.15405773988415775,0.1349159988801963
133.0,258,79.8953488372093,11.114223792078652,258,59.51937984496124,7.572323942244206,0.13910977239394035,0.12722451010022173
135.0,256,80.43359375,12.101996447475349,256,60.01171875,7.641210468667291,0.1504594769828415,0.12732863893632926
137.0,242,81.4297520661157,11.627572358081599,242,60.6900826446281,7.7603514588532505,0.14279267789788627,0.12786852679529426
139.0,255,82.45490196078431,11.920872876100377,255,61.60392156862745,7.742152765390463,0.1445744594029105,0.12567629735658337
141.0,239,83.65690376569037,11.012953814376544,239,62.79916317991632,7.482292775556351,0.13164429136921046,0.11914637706429261
143.0,268,85.9589552238806,12.069174606549566,268,63.798507462686565,7.837564257747821,0.14040625057756148,0.12284870868384701
145.0,249,86.95180722891567,12.912456739887405,249,65.21285140562249,8.679722121755697,0.14850130378421153,0.13309833774585347
147.0,306,87.359477124183,12.122118723583572,306,65.66666666666667,8.492233674769274,0.13876134705284204,0.1293233554533392
149.0,539,88.48794063079778,12.832685933934348,539,66.25974025974025,8.39140518466972,0.1450218622159684,0.12664410019983702
151.0,240,89.39166666666667,12.258919275903166,240,66.60416666666667,8.295130353838257,0.1371371597938268,0.12454371504042425
153.0,264,90.86742424242425,12.196795666032687,264,67.87878787878788,8.209268899456196,0.13422627270134765,0.12094012217948862
155.0,236,92.59745762711864,12.722029557504833,236,68.44067796610169,8.146574659778322,0.137390700387642,0.11903118002152577
157.0,1080,93.8324074074074,12.29098337132698,1080,70.09444444444445,8.09571830830358,0.1309886819589017,0.11549728901439679
159.0,516,94.00387596899225,12.36531260508523,516,70.54069767441861,8.265044575947693,0.13154045487617982,0.1171670375886428
161.0,246,97.8130081300813,12.852602114680938,246,72.59756097560975,8.49421376563286,0.13139972239263198,0.11700412040683598
163.0,254,95.39370078740157,12.694748520745884,254,71.97637795275591,8.203888566980476,0.13307742980889206,0.11398029187249976
165.0,214,97.19158878504673,12.84562453773193,214,73.22429906542057,8.306124683199924,0.13216806822802216,0.11343399375907999
167.0,235,99.39148936170213,12.977953524606729,235,74.45531914893617,8.517523628686336,0.13057409248972818,0.11439778549130072
169.0,242,98.99173553719008,12.72074521406425,242,74.63223140495867,8.109281756224235,0.12850310326446604,0.1086565630367236
171.0,253,101.75098814229248,14.028784503820022,253,76.11857707509881,9.227383910961224,0.1378736930220435,0.12122380981790372
173.0,250,101.356,13.098532368200772,250,76.9,9.328132515401977,0.1292329252160777,0.12130211333422596
175.0,211,103.22274881516587,12.75044925551873,211,77.45971563981043,8.252678521298224,0.12352363603831276,0.10654155457623135
177.0,193,105.45077720207254,14.327236297124587,193,79.59067357512953,9.012914117980943,0.13586657848590042,0.11324083228763245
179.0,203,105.01477832512315,14.87588181345377,203,78.78817733990148,9.709618489720365,0.14165512750403958,0.12323699846275066
181.0,205,107.1170731707317,13.784971613031011,205,80.20487804878049,9.183690552627933,0.12869070452531342,0.11450289279216193
183.0,196,106.88775510204081,13.189648352118342,196,80.28061224489795,8.637890983849868,0.12339718744702602,0.10759622706289
185.0,200,111.775,13.951616862046011,200,83.375,9.30900979248507,0.12481875966938949,0.11165229136413876
187.0,191,110.94764397905759,14.845782041372907,191,83.21989528795811,9.276672610684273,0.13380889858440967,0.11147181306327122
189.0,204,111.0,13.133269152069092,204,82.94117647058823,8.419217437174254,0.11831774010873056,0.10150829534181725
191.0,168,114.61309523809524,14.164104751660977,168,85.67261904761905,10.151249605276046,0.12358190590906487,0.11848884413856567
193.0,201,114.03482587064677,13.280202599905142,201,85.1542288557214,9.090164713984182,0.11645742867156465,0.106749422032649
195.0,208,114.0,15.514680596443547,208,86.4423076923077,10.807786532000586,0.13609368944248726,0.1250288987016753
197.0,187,116.7379679144385,14.153186583666706,187,87.18181818181819,9.591051547912848,0.12123893225587147,0.1100120615506166
199.0,192,119.359375,14.46863426926678,192,89.30208333333333,9.651107189465256,0.12121908538199684,0.1080725872143549
201.0,178,116.92696629213484,12.527044317483298,178,89.0,8.801001483845122,0.10713563102445717,0.0988876571218553
203.0,187,119.3475935828877,13.849887701324999,187,89.84491978609626,9.720420439211287,0.11604664397113428,0.10819109708544197
205.0,181,119.32596685082873,15.88566229091873,181,90.04419889502762,10.804229215358166,0.13312829311307947,0.11998806528284625
207.0,214,123.87383177570094,15.137801059906757,214,92.72429906542057,9.77606871188188,0.12220338099588991,0.10543157306570188
209.0,178,122.69101123595506,14.999812732913433,178,91.98314606741573,9.894628297333131,0.12225681883138381,0.10757001385972621
211.0,197,124.84771573604061,14.718000826435123,197,93.88324873096447,10.024539971330197,0.11788762605438988,0.10677666257648277
213.0,186,126.79032258064517,13.385515079720815,186,95.11827956989248,8.805218922171335,0.10557205634686305,0.09257125929933689
215.0,47133,127.1003330999512,14.729651277839125,47133,95.40513016357966,9.785793532505084,0.11588995023526638,0.10257093633986522
217.0,164,129.0609756097561,14.734332480420461,164,96.70121951219512,9.737146555513236,0.11416566790082942,0.10069311022789398
219.0,190,130.11052631578949,13.73341788912335,190,98.5578947368421,9.394038174096075,0.1055519355581666,0.09531492326595398
221.0,172,130.44767441860466,14.920555519691076,172,97.80232558139535,9.649797461670971,0.114379620688455,0.09866633952011693
223.0,195,133.87692307692308,15.144500916488347,195,99.92820512820512,9.969281393565797,0.11312256487838918,0.0997644396872283
225.0,182,132.98901098901098,14.65288575315137,182,100.27472527472527,9.36322409182448,0.11018117695726118,0.09337571423079755
227.0,199,133.44221105527637,15.536058648153562,199,101.09547738693468,10.0597171299991,0.11642536889408996,0.09950709359130236
229.0,165,134.38787878787878,15.49885435529612,165,100.54545454545455,9.704446143112325,0.11532925807810318,0.0965179996150412
231.0,185,136.0162162162162,15.203859519898971,185,102.86486486486487,10.436563449682469,0.11177975643529428,0.1014589720541911
233.0,191,138.9109947643979,15.658440957380204,191,104.3455497382199,10.400200837452866,0.11272283366725534,0.09967076567754628
235.0,193,138.41968911917098,15.370257598779848,193,104.26943005181347,10.438308261445782,0.11104097759927047,0.10010899892958834
237.0,175,139.71428571428572,14.62514648432669,175,104.73142857142857,10.04883968336333,0.10467896256675545,0.09594865476803703
239.0,192,140.47395833333334,15.01724485011506,192,105.375,9.700488463979049,0.10690411965526274,0.09205683002589844
241.0,185,142.6054054054054,14.656611988130914,185,107.4,9.656153703614397,0.10277739435236977,0.08990832126270387
243.0,163,144.41104294478527,14.73080674722435,163,108.49693251533742,10.027969670757884,0.10200609625717189,0.09242629665442664
245.0,185,146.66486486486485,17.052862443261926,185,109.77297297297298,11.468876803555574,0.11627094504859237,0.10447814696955786
247.0,188,146.40425531914894,14.990420576760124,188,110.4627659574468,9.830308736182932,0.1023906070495169,0.08899205674398764
249.0,207,145.59420289855072,16.31990758877651,207,109.64251207729468,10.456462184975578,0.1120917403569161,0.09536868489116782
251.0,188,150.51063829787233,17.17867393290504,188,112.79787234042553,11.4659036852973,0.11413594498820143,0.10164999966216602
253.0,190,150.82105263157894,16.07388953589112,190,113.01578947368421,10.481768659971392,0.10657590074746345,0.09274605529709704
255.0,247,149.54655870445345,16.868599608251152,247,112.70040485829959,11.014740670144954,0.11279831347766621,0.09773470365074555
257.0,340,153.75588235294117,15.956313722058047,340,115.37058823529412,10.837674085981805,0.10377693183426241,0.09393792865022724
259.0,191,152.33507853403142,16.143852500144785,191,114.3979057591623,10.750706014099642,0.10597593578250115,0.09397642328114561
261.0,194,155.05670103092783,16.087258223305653,194,115.55154639175258,10.559965589146143,0.10375080932553096,0.09138748825865868
263.0,184,156.3641304347826,16.420466248192543,184,117.4945652173913,10.653508251336614,0.10501427790717835,0.09067234924122008
265.0,718,158.1782729805014,16.788585360534206,718,118.77715877437326,10.945302413126075,0.1061371138032575,0.09214989250515375
267.0,180,157.38333333333333,18.01373622371079,180,118.08333333333333,11.819818127139653,0.1144577118948054,0.10009726007457717
269.0,133,158.21804511278197,15.733740210069241,133,118.43609022556392,11.263613570185385,0.09944339913221541,0.09510288248061555
271.0,142,159.55633802816902,15.943839668482884,142,119.61267605633803,11.553666693501636,0.09992608169327666,0.09659232678700219
273.0,150,161.18666666666667,17.431124930167172,150,121.36,11.48812050562136,0.10814247413041095,0.09466150713267436
275.0,130,162.9923076923077,16.241155567512966,130,123.1076923076923,10.89217495514228,0.09964369360407219,0.08847680230995354
277.0,145,162.4344827586207,16.638231490348872,145,122.4,11.203546065618887,0.10243041506816908,0.09153223909819352
279.0,141,166.22695035460993,17.13866505650152,141,124.2482269503546,11.082261262530437,0.10310400942771202,0.0891945224052053
281.0,142,166.0281690140845,16.300782586605184,142,124.4225352112676,9.618483936849518,0.098180824876906,0.07730499881325739
283.0,144,166.09722222222223,16.472617433095596,144,125.92361111111111,11.744410877889397,0.0991745509810923,0.09326615377577196
285.0,131,168.6259541984733,15.019646558303144,131,126.6793893129771,10.736900552317065,0.08907078764770085,0.08475649125360263
287.0,135,169.35555555555555,17.75137861649256,135,126.97777777777777,11.738739708769796,0.10481722054089557,0.09244719756644046
289.0,149,168.16778523489933,18.300569583723323,149,126.51677852348993,11.312277488834882,0.10882327764595823,0.0894132590226724
291.0,122,173.64754098360655,16.01338393274968,122,130.81147540983608,10.583264480365866,0.0922177408447232,0.0809047099821189
293.0,149,174.2013422818792,15.934400940143327,149,130.36912751677852,11.010037799287415,0.09147117198649082,0.08445279959298971
295.0,157,173.4140127388535,17.939729790288226,157,130.80254777070064,12.306158292854567,0.10345028932179723,0.0940819464344647
297.0,128,173.9140625,16.953863909928558,128,130.078125,10.731959317263625,0.09748414628591956,0.08250395150809273
299.0,138,175.57971014492753,16.464875950378616,138,132.58695652173913,10.99749690224481,0.09377436570995662,0.08294554148274492
301.0,121,177.06611570247935,19.517827550383302,121,132.88429752066116,11.80550018892651,0.11022903774078784,0.08884044547920317
303.0,159,179.30817610062894,19.40897276693247,159,135.50314465408806,11.93700459311958,0.10824365731119827,0.08809393039248146
305.0,162,178.51234567901236,16.68533690866146,162,134.2037037037037,11.276942280209042,0.09346881217203763,0.08402854741703993
307.0,131,179.96946564885496,16.0551640057252,131,135.4351145038168,10.983273462330184,0.08921048883398376,0.08109620243294183
309.0,143,184.06993006993008,17.05238422454626,143,138.14685314685315,11.124112904627582,0.09264079264911917,0.0805238241134773
311.0,134,183.67164179104478,17.749627177871318,134,138.46268656716418,12.051678644140107,0.09663782064987635,0.08703917960088252
313.0,153,187.30718954248366,17.13310163556578,153,140.4640522875817,10.994033156666369,0.09147060333036375,0.07826937196826367
315.0,136,184.25735294117646,18.252547797206955,136,140.11764705882354,12.946647684806663,0.0990600782321779,0.092398409169485
317.0,123,186.16260162601625,17.170014838942496,123,140.84552845528455,12.268199942998843,0.09223127894095236,0.0871039363304582
319.0,152,189.44736842105263,18.63408166912034,152,141.90131578947367,12.484034767856388,0.0983602032819243,0.08797687814521633
321.0,166,188.36144578313252,18.1111573267758,166,141.83132530120483,11.86675445365053,0.0961510846950487,0.08366807846185814
323.0,38282,190.0,18.069605556499475,38282,143.07470874040018,11.994275966691996,0.09510318713947093,0.08383225849129516
325.0,152,193.41447368421052,18.289954568881598,152,145.26973684210526,12.189980901025868,0.09456352578216956,0.08391273479262407
327.0,149,193.1275167785235,16.624748968071845,149,145.49664429530202,11.955222855640315,0.08608172074793942,0.0821683751783019
329.0,141,196.17730496453902,19.347677486289548,141,146.91489361702128,11.925656233337637,0.09862342379403587,0.0811739091914365
331.0,134,194.44776119402985,18.0557062665698,134,146.88805970149255,12.063528859241911,0.09285633403900649,0.08212736204533942
333.0,156,196.87179487179486,19.329642270513908,156,148.97435897435898,12.817301169273286,0.09818390838109435,0.08603696137722171
335.0,142,198.73239436619718,17.199255918656164,142,149.07042253521126,11.87084627604787,0.08654480299252924,0.07963247218437251
337.0,156,196.64102564102564,19.25447538020915,156,147.71153846153845,12.81833848393909,0.09791687831896687,0.08677953406650601
339.0,130,203.1076923076923,19.300257520813226,130,152.12307692307692,13.507973748872864,0.09502474919352065,0.08879634847054371
341.0,144,202.29166666666666,18.770559823402074,144,151.54861111111111,12.711335099647874,0.09278958512083416,0.0838762889771935
343.0,145,200.2344827586207,20.820333875372718,145,151.61379310344827,13.175200929785838,0.10397976206960957,0.08689975140188076
345.0,140,205.74285714285713,20.069795993045535,140,154.34285714285716,13.231623025657665,0.09754795997175306,0.0857287682151089
347.0,135,205.54814814814816,18.94285141364364,135,154.8740740740741,11.487455604402951,0.09215773328198823,0.0741728767263439
349.0,145,207.30344827586208,20.53057480724075,145,156.19310344827585,13.274503836576326,0.099036340099468,0.08498777182548425
351.0,148,208.17567567567568,19.675848041164475,148,157.08783783783784,13.076399811413928,0.09451559591341585,0.08324259848119323
353.0,161,208.22981366459626,19.394989187675826,161,157.3664596273292,13.343860686189075,0.09314222995423738,0.08479482043244557
355.0,138,207.92753623188406,19.354411662973522,138,157.08695652173913,13.447100065020702,0.09308248447376964,0.08560290658607145
357.0,107,212.33644859813083,17.124375171211604,107,160.07476635514018,11.326793193515485,0.0806473654630124,0.0707593923228723
359.0,95,209.89473684210526,17.669226574730438,95,157.9578947368421,12.07063941745625,0.08418137034099256,0.07641681625072264
361.0,115,212.4608695652174,20.038247181687737,115,160.5391304347826,13.01637764343528,0.09431500126444112,0.08107915875826331
363.0,137,213.62773722627736,17.28609067636805,137,161.14598540145985,10.992337000614535,0.08091688326997722,0.0682135330472524
365.0,194,213.05154639175257,18.86761687410997,194,161.4020618556701,12.623409287825831,0.08855892948749962,0.07821095432544109
367.0,88,213.60227272727272,16.499766471859967,88,162.27272727272728,11.514835281364158,0.0772452758165493,0.07095976924089957
369.0,104,216.96153846153845,19.03901108884663,104,162.68269230769232,13.622699804468223,0.08775293180464677,0.0837378556454102
371.0,193,219.24352331606218,19.45796141741444,193,166.05699481865284,12.679620512401572,0.08875045028976195,0.07635703949868962
373.0,361,220.5290858725762,19.902117740354644,361,165.76731301939057,13.31127908262898,0.09024713298750206,0.0803009884166482
375.0,77,219.64935064935065,16.364890397759783,77,165.19480519480518,10.229007979167259,0.07450461542171721,0.06192088163489615
377.0,111,224.11711711711712,19.634727462394842,111,168.27927927927928,12.605317183396103,0.0876092273315041,0.07490712604298772
379.0,97,223.51546391752578,19.57097840876354,97,169.09278350515464,12.152745295325595,0.08755984067386482,0.07187027762751998
381.0,77,224.8961038961039,17.11077254983601,77,169.7792207792208,11.213975510640578,0.07608301012515867,0.06605034149157228
383.0,86,226.22093023255815,20.614330345540576,86,170.25581395348837,13.311813458916088,0.09112477048144382,0.0781871300004633
385.0,109,227.26605504587155,20.228620264658606,109,169.77981651376146,13.423554338443013,0.0890085422593165,0.07906448843025443
387.0,98,227.5,19.70307945997745,98,171.8469387755102,12.085905602958999,0.08660694268121956,0.07032947859925075
389.0,95,231.86315789473684,22.192873365553293,95,174.82105263157894,13.999224102639536,0.09571539336848245,0.08007745000907732
391.0,103,231.126213592233,20.003764161292185,103,174.51456310679612,13.70692116404881,0.08654909302751806,0.07854313657285271
393.0,79,230.72151898734177,17.848318680323327,79,174.16455696202533,12.24894593031438,0.07735870827593914,0.07032972806852503
395.0,107,234.0,20.029694936400883,107,176.2336448598131,12.92983929276913,0.08559698690769608,0.07336759846880717
397.0,92,236.5326086956522,21.20100095447316,92,177.27173913043478,14.078354721609447,0.08963246577875697,0.07941680264811264
399.0,91,234.86813186813185,19.147502762158354,91,177.02197802197801,11.774716813747839,0.08152448188632434,0.06651556459439155
401.0,92,238.31521739130434,20.54099591400171,92,178.34782608695653,13.884480056198003,0.08619254841907216,0.07785057076854072
403.0,98,235.26530612244898,19.34417039461342,98,177.12244897959184,13.020416407519587,0.0822227922741202,0.07351081967605251
405.0,90,238.62222222222223,19.19654567344758,90,179.8111111111111,12.962256743142992,0.0804474348393687,0.0720881855578613
407.0,88,243.8068181818182,20.42303069730626,88,182.625,14.275863804208898,0.08376726643500121,0.078170369906688
409.0,100,242.56,19.0461003723581,100,182.51,12.693349089626079,0.07852119216836288,0.06954878685894515
411.0,92,244.0108695652174,19.92375277176145,92,183.5,13.347840093619459,0.08165108713092134,0.07274027298975182
413.0,87,242.04597701149424,18.852492307000468,87,181.57471264367817,12.988037594494445,0.07788806300261376,0.0715299911832004
415.0,98,248.40816326530611,19.708094906384254,98,187.3673469387755,14.093493238072261,0.07933754932737665,0.07521851308850243
417.0,99,246.6161616161616,22.055915524100715,99,185.91919191919192,14.621536232192627,0.08943418541412947,0.07864457714805335
419.0,94,242.9255319148936,23.099708773336275,94,184.32978723404256,14.953252099170289,0.09508967044859251,0.08112227721602165
421.0,99,250.0909090909091,19.84639529758434,99,188.4848484848485,12.693694108882188,0.07935672419971929,0.06734596552943925
423.0,104,248.46153846153845,21.314074422407913,104,188.625,14.643456738172125,0.08578420046170368,0.07763264009633995
425.0,123,246.22764227642276,22.337505404011967,123,185.73170731707316,13.762668185557832,0.09071891846706306,0.07409972365172307
427.0,90,256.0,21.28194888431525,90,191.84444444444443,14.783008095092676,0.08313261282935644,0.07705726448270248
429.0,2600,253.41346153846155,20.9348512960211,2600,191.29807692307693,14.191158940268236,0.08261144127437657,0.07418348981090206
431.0,25080,252.75167464114833,20.850126078107607,25080,190.5915071770335,13.965623421333582,0.08249253385842127,0.0732751612502934
433.0,101,257.61386138613864,21.710352506133884,101,193.78217821782178,13.150364223394,0.08427478393172382,0.06786157707760035
435.0,110,257.6818181818182,20.67881592007983,110,194.96363636363637,13.71259868888225,0.08024941792939783,0.07033413483992575
437.0,112,258.125,21.649594798862996,112,194.75892857142858,15.175398260184553,0.08387252222319805,0.07791888347043827
439.0,95,261.82105263157894,19.286186737667432,95,196.17894736842106,11.860876996896069,0.07366171109550139,0.06045947924586181
441.0,88,255.98863636363637,20.113753696769148,88,194.51136363636363,14.009844090940321,0.07857283816378945,0.07202583864010915
443.0,80,259.0875,21.39395025690526,80,196.3125,14.571164301932908,0.08257422784543933,0.07422433264276553
445.0,100,264.84,19.34937683333451,100,199.26,15.16083470957022,0.0730606284297482,0.07608569060308251
447.0,120,263.5,22.574247244492167,120,198.44166666666666,15.292550959403027,0.08567076753127957,0.07706320560737258
449.0,92,265.1630434782609,20.762538737140883,92,200.16304347826087,14.143904969219376,0.07830102741614926,0.07066192001999362
451.0,106,266.54716981132077,21.533642372309163,106,199.83962264150944,13.592110311257306,0.08078736077952754,0.06801509196021689
453.0,75,265.02666666666664,22.70550197242553,75,199.4,14.741924037394996,0.08567251838466142,0.07393141443026578
455.0,57,271.12280701754383,29.373864826357018,57,204.01754385964912,23.047692190070155,0.10834154879658019,0.11296916801393059
457.0,57,269.49122807017545,20.1814295888727,57,203.89473684210526,13.639077538097125,0.07488714839956669,0.06689273960347067
459.0,52,267.86538461538464,22.406256869633403,52,201.80769230769232,13.27394390251061,0.08364745187888124,0.06577521278164204
461.0,59,272.271186440678,20.088451398815494,59,206.4406779661017,11.696258149718266,0.07378104037164554,0.05665675129994891
463.0,66,276.8939393939394,19.790540699169917,66,208.5909090909091,12.778560497630727,0.07147336175897206,0.061261349084305076
465.0,75,273.81333333333333,19.737256123364244,75,206.54666666666665,14.105100987723345,0.07208288903643933,0.06829014099020406
467.0,61,272.327868852459,19.525813095724857,61,206.04918032786884,14.085957817992828,0.07169965078492754,0.06836211527548433
469.0,64,276.765625,21.542679814067437,64,207.5625,14.250452513004518,0.07783726687180692,0.06865620000243068
471.0,122,280.1639344262295,20.05049850196954,122,211.44262295081967,13.262791536635959,0.0715670221544846,0.06272525071598647
473.0,91,281.1098901098901,23.503877008532758,91,212.85714285714286,15.400267983650611,0.08361099283751539,0.07235025227218408
475.0,66,280.8030303030303,24.184686634295414,66,211.06060606060606,14.96033605944917,0.08612687195076335,0.07088170710148207
477.0,58,283.2586206896552,25.56969172489632,58,212.51724137931035,15.142876710305774,0.09026977418248137,0.07125481496006286
479.0,189,282.42857142857144,22.692707343227013,189,212.73015873015873,15.399163782083649,0.0803484832587704,0.0723882493860073
481.0,154,281.64935064935065,23.287218426837672,154,211.96753246753246,15.070387719907899,0.08268159814019924,0.07109762303911456
483.0,64,286.125,20.519058117558558,64,215.421875,14.777508314466512,0.07171361508976341,0.06859799319111168
485.0,61,285.08196721311475,20.978794914521984,61,215.45901639344262,15.5408856145028,0.07358864231085917,0.07212919595866019
487.0,68,283.9852941176471,20.05774696582445,68,213.83823529411765,12.810455494386645,0.07062952688499106,0.05990722602422748
489.0,56,282.64285714285717,22.382971263829177,56,213.03571428571428,14.77216582349667,0.0791917103092263,0.06934126455287623
491.0,65,287.75384615384615,20.94265292503463,65,217.4923076923077,13.219449540500777,0.07277974979294541,0.06078122799268236
493.0,74,288.7567567567568,19.39270503347495,74,217.77027027027026,12.550770644130578,0.0671593117033483,0.05763307649181898
495.0,54,292.9074074074074,20.79483654934335,54,219.22222222222223,12.548271574079646,0.07099457379177727,0.05723996156447887
497.0,53,293.8490566037736,21.451552056467836,53,222.0188679245283,14.971113937844201,0.0730019429172207,0.0674317191047627
499.0,47,297.4255319148936,20.787480221278532,47,224.87234042553192,13.880886172181855,0.069891377809578,0.06172785032572118
501.0,56,294.85714285714283,22.81182195220759,56,220.46428571428572,14.180606841373553,0.07736567522551024,0.06432156027190336
503.0,65,295.87692307692305,23.030894802083036,65,224.06153846153848,13.56797346128573,0.07783944270670744,0.06055467419552131
505.0,57,299.96491228070175,24.19191490699254,57,225.89473684210526,16.481249313913327,0.0806491490056483,0.07295986415758463
507.0,61,292.8196721311475,23.377701766655978,61,222.21311475409837,13.547588658870087,0.07983651370316956,0.060966647598013665
509.0,49,298.55102040816325,24.533192841952065,49,224.71428571428572,16.520189667999166,0.08217420529466479,0.07351641937444002
511.0,64,300.171875,23.69016585702459,64,226.734375,15.509589647432524,0.07892200379207609,0.06840422696131773
513.0,71,296.88732394366195,20.432851207080823,71,225.98591549295776,13.006034816572631,0.06882358915046911,0.057552413336033455
515.0,79,302.1898734177215,24.624396881520635,79,228.0253164556962,18.378481483227628,0.0814865058283471,0.08059842551210072
517.0,53,307.811320754717,23.142581967990044,53,232.1509433962264,15.614830507731934,0.07518431067202846,0.06726154233662163
519.0,54,302.9259259259259,23.38347412883792,54,230.12962962962962,15.870996801804196,0.0771920529989759,0.06896546449645342
521.0,60,302.68333333333334,21.61566574616007,60,229.7,13.25537946441982,0.07141346538018854,0.05770735509107453
523.0,69,311.17391304347825,21.807956266503727,69,233.6231884057971,14.663982936669095,0.07008285512499451,0.06276766889765308
525.0,66,310.6666666666667,25.43064978953447,66,232.5151515151515,15.63058385074439,0.08185831477317962,0.0672239368010641
527.0,68,312.80882352941177,22.73156616002944,68,236.05882352941177,15.431971419065068,0.07266919744638249,0.06537341493249593
529.0,70,313.9428571428571,21.566806025770465,70,235.9,13.419810145744467,0.0686965972790286,0.05688770727318553
531.0,70,311.8,21.891431716740136,70,235.77142857142857,16.298992081019705,0.07020985156106523,0.06913048022730121
533.0,75,312.8933333333333,22.43463377888734,75,235.44,15.467699561658467,0.07170058096120299,0.06569699100262685
535.0,74,313.4594594594595,20.912858461216686,74,236.93243243243242,14.167617988980133,0.06671630997284164,0.059796026417870865
537.0,11115,316.2451641925326,23.25630583269674,11115,238.78713450292398,15.43667764632974,0.07353885044243115,0.06464618656471509
539.0,9671,315.3201323544618,23.18958523818812,9671,238.05707786164822,15.42883215734227,0.0735429896753942,0.06481148259036035
541.0,62,324.61290322580646,27.319214902857563,62,242.16129032258064,17.241955642366886,0.08415936221689202,0.07120029637849654
543.0,69,319.6376811594203,20.63689657933715,69,240.17391304347825,11.527405352844937,0.06456340349010489,0.047996075871729466
545.0,66,320.1212121212121,22.24583981955703,66,242.77272727272728,15.406088161748007,0.06949192673659428,0.06345889151066395
547.0,65,320.7230769230769,24.43071049692611,65,242.73846153846154,16.774494145760514,0.0761738467069697,0.06910521735799426
549.0,66,323.5,25.029982021567662,66,246.21212121212122,15.384822842424091,0.07737243283328489,0.06248604969846092
551.0,68,327.1470588235294,24.856762619793965,68,246.64705882352942,16.628302348152165,0.07598039459435359,0.06741739564001593
553.0,42,321.95238095238096,26.641204452513104,42,242.04761904761904,16.714171555245112,0.08274889713101245,0.06905323680113071
555.0,25,327.48,20.662203819212184,25,245.72,15.6698223772107,0.06309455178701656,0.06377104988283697
557.0,40,328.375,26.11875001917402,40,247.375,14.990060809647275,0.07953939861187367,0.060596506557442247
559.0,28,327.5357142857143,26.85555621227942,28,248.53571428571428,17.16042420018103,0.08199275694513398,0.06904610972913765
561.0,32,323.78125,27.038484371295198,32,247.4375,16.447251952049424,0.08350849337722675,0.06647032867713837
563.0,23,333.5217391304348,23.20240889770125,23,250.8695652173913,16.676887511616155,0.06956790570292383,0.06647632803590495
565.0,27,339.3333333333333,16.856863473192337,27,255.66666666666666,12.057554287027502,0.04967641495046858,0.04716122928433182
567.0,33,330.6666666666667,26.348228909485865,33,249.72727272727272,14.8687439097775,0.07968214387949354,0.05953992828815162
569.0,30,331.3666666666667,25.01790163660516,30,250.03333333333333,17.497750265900358,0.07549914989419121,0.06998167017424486
571.0,36,343.25,21.38674489357503,36,257.1388888888889,13.564981760353758,0.062306612945593684,0.052753520943365585
573.0,32,342.0625,29.098206906290464,32,255.6875,18.07410819644428,0.08506693047700482,0.07068827453999228
575.0,29,346.62068965517244,26.6047978931613,29,256.82758620689657,16.006848903599366,0.07675478898743311,0.06232527097266133
577.0,52,338.36538461538464,24.999630464840514,52,254.6153846153846,15.238179406145484,0.07388353419560709,0.05984783452564692
579.0,89,340.8314606741573,22.066653139901636,89,256.561797752809,14.868327423342606,0.06474359232053951,0.057952226534005946
581.0,46,346.45652173913044,20.870720076742423,46,260.32608695652175,15.298590127962186,0.06024051725733522,0.05876702679634743
583.0,25,348.2,29.12616235162698,25,261.52,16.820424092949224,0.0836477953808931,0.06431792632666422
585.0,37,346.02702702702703,22.91710482791607,37,260.2972972972973,13.914151199537955,0.0662292336665543,0.053454843150545564
587.0,172,346.30232558139534,23.850690412575783,172,261.55232558139534,15.697530082799473,0.06887245233636148,0.06001678649924443
589.0,96,340.4270833333333,26.701762130563473,96,258.1770833333333,16.824164821167937,0.07843606880248749,0.0651652137515482
591.0,34,350.2647058823529,26.019001009785843,34,265.29411764705884,14.76590957447246,0.07428382184337212,0.055658639194242084
593.0,31,342.2258064516129,22.93136088041782,31,260.0,17.557524502806956,0.0670065215659301,0.06752894039541137
595.0,29,353.1034482758621,24.49102580186437,29,268.1034482758621,14.563518088473693,0.0693593504154362,0.054320517629033706
597.0,33,344.75757575757575,24.47451519314313,33,260.6363636363636,16.39896753956286,0.07099050728432128,0.0629189546338303
599.0,26,349.6923076923077,21.227848182553466,26,265.8076923076923,17.48603838671122,0.060704361278749466,0.0657845460938347
601.0,34,360.02941176470586,24.97936760016353,34,269.02941176470586,16.690562192753138,0.06938146380243118,0.062039916317219494
603.0,35,353.45714285714286,27.389717754213198,35,268.62857142857143,17.089876112664438,0.07749091596455113,0.06361898148726391
605.0,42,359.3809523809524,24.94085919946291,42,273.2857142857143,16.591631323204986,0.0693995022113053,0.06071166715234443
607.0,27,354.0,20.480760202237086,27,268.3703703703704,12.026087502873931,0.05785525480857934,0.044811532235384505
609.0,24,363.25,19.368845446051846,24,274.9166666666667,13.554773478666878,0.05332097851631616,0.049305026294029254
611.0,36,363.8333333333333,20.336455654106214,36,272.19444444444446,14.604929587436162,0.05589497660313206,0.05365623687597733
613.0,33,360.1515151515151,24.869812539654895,33,271.3333333333333,17.62396569069137,0.0690537495842332,0.06495319050623356
615.0,43,359.6744186046512,24.00964184321885,43,271.16279069767444,16.733101258907855,0.06675382123745058,0.06170869246423994
617.0,30,368.3,29.248224231389766,30,274.56666666666666,18.22972815227224,0.07941413041376531,0.06639454225666713
619.0,26,360.53846153846155,25.572220504650385,26,275.5769230769231,16.845588329109976,0.07092785717099531,0.061128443343595164
621.0,34,367.7352941176471,26.02016563375113,34,279.44117647058823,17.18736529683074,0.0707578686353306,0.06150620146218769
623.0,28,368.32142857142856,30.00376960443788,28,277.9642857142857,21.26461526653756,0.08146083088570355,0.07650124983464623
625.0,22,374.40909090909093,23.310858068636257,22,281.6363636363636,17.85802595218999,0.06226039547286605,0.06340809731248867
627.0,39,365.0,24.766275881783905,39,276.97435897435895,17.607545002800393,0.0678528106350244,0.0635710289862262
629.0,34,371.4117647058824,30.868359447389842,34,280.29411764705884,21.388937117492368,0.08311088226253203,0.07630890472137886
631.0,42,362.6666666666667,22.936462255827685,42,274.0952380952381,17.16463966472866,0.06324392166128957,0.06262290357180367
633.0,40,371.825,20.859588584088517,40,283.55,13.75229584562669,0.05610055425022125,0.04850042618806803
635.0,36,369.22222222222223,30.047686966944596,36,279.1111111111111,22.522087923734883,0.0813810360224199,0.08069219399427308
637.0,32,369.53125,18.21552753966757,32,280.40625,14.76451582068829,0.04929360518134141,0.05265401830625491
639.0,29,369.8965517241379,19.741806306824046,29,278.55172413793105,15.846554846167997,0.05337115529951499,0.0568890926638861
641.0,47,373.5531914893617,29.61624738480868,47,281.82978723404256,18.932740389320255,0.0792825441183578,0.06717792528295727
643.0,32,378.46875,29.772236877830956,32,285.4375,19.798888043067834,0.07866498060363228,0.0693633038513434
645.0,14123,379.02265807547974,25.3243940940012,14123,286.4149968137081,16.87888641651403,0.06681498732183452,0.05893157343116536
647.0,1830,377.3524590163934,24.44162284396877,1830,285.01803278688527,16.30300842198928,0.06477133581606512,0.05719991911592283
649.0,39,379.97435897435895,27.911973642230823,39,289.15384615384613,19.41179573777711,0.07345751886409355,0.06713310577044491
651.0,34,384.44117647058823,22.65845373909487,34,291.5,18.21629307332678,0.05893867547465577,0.0624915714350833
653.0,16,384.5625,17.576380931996972,16,288.8125,12.93171166809199,0.04570487484348311,0.04477545697673054
655.0,6,388.0,21.540659228538015,6,295.0,24.551985663078256,0.055517162960149524,0.08322707004433307
657.0,11,384.1818181818182,23.978399370342387,11,290.72727272727275,19.432400310259716,0.062414196184043126,0.06684065147368883
659.0,4,375.5,6.806859285554044,4,271.75,10.90489186863706,0.018127454821715162,0.04012839694070675
661.0,9,384.8888888888889,27.60183166224862,9,291.1111111111111,17.309278179956294,0.0717137658661194,0.05945935252656743
663.0,8,398.125,29.366830170886924,8,298.375,11.685613866142056,0.07376283873378191,0.03916418555891766
665.0,4,391.25,14.818344486930158,4,301.75,10.111874208078348,0.03787436290589178,0.03351076788095558
667.0,6,393.5,15.946786510140534,6,293.1666666666667,13.272779161376354,0.040525505743686234,0.04527383454704839
669.0,5,397.6,22.300224214119456,5,296.4,14.099645385611659,0.056087083033499636,0.04756965379761019
671.0,4,395.5,27.63451947595012,4,295.25,15.370426148939405,0.0698723627710496,0.05205902167295311
673.0,4,400.75,23.414738947936197,4,296.5,10.148891565092228,0.05842729618948521,0.03422897661076637
675.0,9,405.77777777777777,28.030241605174304,9,305.44444444444446,15.371329733558444,0.06907781337529265,0.050324469844316475
677.0,4,395.0,23.565511522844854,4,295.0,16.391054470858997,0.0596595228426452,0.05556289651138643
679.0,3,388.3333333333333,35.85154575933,3,298.0,16.3707055437449,0.09232157706265237,0.05493525350249967
681.0,2,390.5,20.506096654409877,2,293.0,22.627416997969522,0.052512411406939505,0.07722667917395741
683.0,7,395.85714285714283,31.908350899770074,7,300.57142857142856,17.19357576593791,0.08060572222966096,0.05720296119846264
685.0,21,400.04761904761904,25.920023515568406,21,301.5238095238095,18.084852909601018,0.06479234541446692,0.05997819189855044
687.0,49,399.53061224489795,27.079437187049272,49,304.3469387755102,19.50699769784355,0.06777812852660849,0.06409460787194622
689.0,7,411.14285714285717,38.43361623816912,7,308.7142857142857,18.68791307872806,0.09347995610395547,0.06053465596996595
691.0,4,389.5,23.043437243605826,4,298.75,19.602295783912652,0.05916158470758877,0.06561437919301306
693.0,4,393.25,27.861263431510064,4,301.5,17.01959654829298,0.07084873091293087,0.05644973979533327
695.0,149,405.4697986577181,28.184612690735253,149,306.758389261745,18.00549878723667,0.06951100373946127,0.058696027288998705
697.0,49,410.57142857142856,25.683976846794312,49,310.2448979591837,17.519668247721015,0.06255665898662498,0.05647044758178724
699.0,6,399.6666666666667,25.09714459189863,6,307.0,15.192103211866355,0.06279519080541775,0.04948567821454839
701.0,3,398.6666666666667,18.8767935130237,3,300.3333333333333,14.571661996262925,0.04734981650424005,0.04851829743483771
703.0,4,417.0,24.09702609590375,4,313.5,11.789826122551592,0.057786633323510195,0.03760710086938307
705.0,3,433.3333333333333,20.599352740640505,3,320.0,7.937253933193772,0.047536967863016553,0.024803918541230537
707.0,1,409.0,,1,297.0,,,
709.0,0,,,0,,,,
711.0,1,419.0,,1,329.0,,,
713.0,1,440.0,,1,338.0,,,
715.0,1,389.0,,1,307.0,,,
717.0,0,,,0,,,,
719.0,2,437.0,1.4142135623730951,2,316.0,4.242640687119285,0.0032361866415860302,0.013426078123795204
721.0,3,434.3333333333333,31.785741037976976,3,330.3333333333333,29.263173671584795,0.07318282664154331,0.0885868022348682
723.0,1,426.0,,1,317.0,,,
725.0,0,,,0,,,,
727.0,0,,,0,,,,
729.0,1,404.0,,1,318.0,,,
731.0,0,,,0,,,,
733.0,1,388.0,,1,303.0,,,
735.0,2,415.5,0.7071067811865476,2,316.0,1.4142135623730951,0.0017018213746968654,0.004475359374598403
737.0,2,419.5,6.363961030678928,2,317.5,10.606601717798213,0.01517034810650519,0.03340661958361642
739.0,1,469.0,,1,342.0,,,
741.0,2,429.5,0.7071067811865476,2,324.5,4.949747468305833,0.0016463487338452796,0.015253459070279916
743.0,1,439.0,,1,330.0,,,
745.0,1,455.0,,1,330.0,,,
747.0,2,456.0,49.49747468305833,2,355.0,32.526911934581186,0.10854709360319809,0.09162510404107377
749.0,0,,,0,,,,
751.0,8,447.25,28.87287407139887,8,331.875,16.348328879211383,0.0645564540444916,0.049260501330957086
753.0,12507,441.69497081634285,27.615861382712414,12507,333.69401135364194,18.45894381769265,0.06252247185806223,0.05531697660024904
755.0,166,445.27710843373495,28.36742188348183,166,336.5722891566265,18.77306783506958,0.06370734391279267,0.055777223615499104
757.0,0,,,0,,,,
759.0,0,,,0,,,,
761.0,0,,,0,,,,
763.0,0,,,0,,,,
765.0,1,426.0,,1,328.0,,,
767.0,2,445.0,21.213203435596427,2,340.5,13.435028842544403,0.04767012007999197,0.03945676605739913
769.0,1,433.0,,1,320.0,,,
771.0,0,,,0,,,,
773.0,0,,,0,,,,
775.0,0,,,0,,,,
777.0,1,460.0,,1,348.0,,,
779.0,2,461.5,0.7071067811865476,2,342.5,12.020815280171307,0.001532192375268792,0.03509727089101112
781.0,0,,,0,,,,
783.0,0,,,0,,,,
785.0,0,,,0,,,,
787.0,0,,,0,,,,
789.0,0,,,0,,,,
791.0,0,,,0,,,,
793.0,16,484.375,22.535527506583882,16,357.0625,14.662736215772723,0.046524960013592534,0.04106490100689018
795.0,52,465.4230769230769,31.86204709758727,52,352.1730769230769,23.595214830467803,0.06845824514810916,0.06699891722734265
797.0,4,458.25,19.972898304118676,4,357.5,19.773719933285197,0.043585157237574855,0.05531110470849006
799.0,1,464.0,,1,364.0,,,
801.0,11,483.8181818181818,26.6901411829094,11,363.90909090909093,16.634028648854397,0.05516564318151135,0.04570929681174078
803.0,112,469.8482142857143,27.1801496928004,112,357.0267857142857,19.50812250395572,0.05784878789870674,0.054640501173957544
805.0,14,474.2857142857143,21.77305523039737,14,361.57142857142856,13.52328069956107,0.04590704416047639,0.03740140849345219
807.0,4,466.5,36.38223009474085,4,353.75,29.364093720052047,0.07798977512270278,0.08300803878459942
809.0,1,456.0,,1,335.0,,,
811.0,0,,,0,,,,
813.0,0,,,0,,,,
815.0,0,,,0,,,,
817.0,0,,,0,,,,
819.0,0,,,0,,,,
821.0,2,497.0,9.899494936611665,2,374.0,4.242640687119285,0.019918500878494297,0.011343959056468676
823.0,0,,,0,,,,
825.0,0,,,0,,,,
827.0,0,,,0,,,,
829.0,0,,,0,,,,
831.0,0,,,0,,,,
833.0,0,,,0,,,,
835.0,0,,,0,,,,
837.0,0,,,0,,,,
839.0,0,,,0,,,,
841.0,1,514.0,,1,392.0,,,
843.0,0,,,0,,,,
845.0,0,,,0,,,,
847.0,0,,,0,,,,
849.0,0,,,0,,,,
851.0,1,492.0,,1,368.0,,,
853.0,1,539.0,,1,392.0,,,
855.0,0,,,0,,,,
857.0,1,505.0,,1,369.0,,,
859.0,281,509.0498220640569,27.977369840328333,281,384.55516014234877,20.024930445553697,0.05495998353734375,0.052072972933560877
861.0,10590,505.1677998111426,29.825815384689278,10590,381.8281397544854,20.05031261165799,0.05904140247228681,0.05251135399436588
863.0,11,489.1818181818182,24.157061832177277,11,372.0,15.013327412669048,0.04938258319159079,0.04035840702330389
